beat_id,section,start,end,spoken_text,gfx_ids,primary_mode,source_ids,claim_ids,needs_source_doc,needs_photo,needs_archive_web,needs_map,needs_editor_graphic,reconstruction_rule,preferred_visual,gap_id,stage13_status
B001,S01,0.000,5.400,"In August twenty nineteen, a couple in Massachusetts began receiving things that made no sense.",,EDITORIAL_ARCHIVE,S001;S009,C010,NO,NO,NO,NO,NO,NO,Rights-safe archival/contextual B-roll or editor-only branded transition; no factual invention.,GAP-004,PLANNED_NOT_ACQUIRED
B002,S01,6.340,7.000,Live insects.,,ILLUSTRATIVE_RECONSTRUCTION,S001;S009;S012,C010,NO,NO,NO,NO,NO,YES_LABELLED_RECONSTRUCTION_NO_FAKE_SOURCE_UI,Clearly labeled illustrative reconstruction; never present as authentic evidence.,GAP-005,PLANNED_NOT_ACQUIRED
B003,S01,7.760,8.660,Threatening messages.,,ILLUSTRATIVE_RECONSTRUCTION,S001;S009;S012,C010,NO,NO,NO,NO,NO,YES_LABELLED_RECONSTRUCTION_NO_FAKE_SOURCE_UI,Clearly labeled illustrative reconstruction; never present as authentic evidence.,GAP-005,PLANNED_NOT_ACQUIRED
B004,S01,9.480,10.480,A bloody pig mask.,,ILLUSTRATIVE_RECONSTRUCTION,S001;S009;S012,C010,NO,NO,NO,NO,NO,YES_LABELLED_RECONSTRUCTION_NO_FAKE_SOURCE_UI,Clearly labeled illustrative reconstruction; never present as authentic evidence.,GAP-005,PLANNED_NOT_ACQUIRED
B005,S01,11.160,21.760,"And eventually, people connected to the campaign were watching them in person and trying to put a G-P-S tracker on their car. At first glance, this sounds like an internet stalking story.",GFX-004;GFX-014,MIXED,S009;S001,C012,NO,NO,NO,YES,YES,NO,Use GFX-004+GFX-014 as the primary explanatory layer; support with archive/context where useful.,GAP-004,PLANNED_NOT_ACQUIRED
B006,S01,22.300,29.240,"But the people behind it were not anonymous trolls. They worked in, or with, the security organization of eBay.",,ARCHIVE_PHOTO,S001;S009,C002,NO,YES,NO,NO,NO,NO,Rights-safe archival/person/company/location photo with restrained editorial motion.,GAP-002,PLANNED_NOT_ACQUIRED
B007,S01,30.120,36.640,All seven former employees and contractors who were federally prosecuted over the campaign later pleaded guilty.,GFX-001;GFX-005,MIXED,S004,C016,YES,NO,NO,NO,YES,NO,Use GFX-001+GFX-005 as the primary explanatory layer; support with authentic record crop where useful.,,PLANNED_NOT_ACQUIRED
B008,S01,37.380,52.660,"Years later, prosecutors filed criminal charges against eBay itself. The company entered a deferred prosecution agreement, admitted a detailed factual account, paid a three-million-dollar criminal penalty, and accepted an independent compliance monitor.",GFX-001;GFX-006,MIXED,S001;S002;S003;S012,C019,YES,NO,NO,NO,YES,NO,Use GFX-001+GFX-006 as the primary explanatory layer; support with authentic record crop where useful.,,PLANNED_NOT_ACQUIRED
B009,S01,53.280,61.640,"And in July twenty twenty-six, the civil case ended in an announced settlement package worth fifty-five-point-seven million dollars.",GFX-001;GFX-008,MIXED,S014;S017;S018;S013,C028,YES,NO,NO,NO,YES,NO,Use GFX-001+GFX-008 as the primary explanatory layer; support with authentic record crop where useful.,,PLANNED_NOT_ACQUIRED
B010,S01,61.640,73.980,But the strangest part is not what arrived at the front door. It is how criticism of a company became a security problem inside that company — and how the consequences kept growing long after the harassment stopped.,,EDITORIAL_ARCHIVE,S009;S001,C003,NO,NO,NO,NO,NO,NO,Rights-safe archival/contextual B-roll or editor-only branded transition; no factual invention.,,PLANNED_NOT_ACQUIRED
B011,S02,74.680,82.100,"Ina and David Steiner ran EcommerceBytes, an independent publication covering online commerce since nineteen ninety-nine.",,MIXED,S009,C001,NO,YES,YES,NO,NO,NO,"Archived publication/company webpage or screenshot, reframed cleanly in channel style.",GAP-001,PLANNED_NOT_ACQUIRED
B012,S02,82.920,89.480,"The scale mismatch was obvious: an independent trade publication on one side, a global marketplace on the other.",,MIXED,S009,C001,NO,YES,YES,NO,NO,NO,"Archived publication/company webpage or screenshot, reframed cleanly in channel style.",GAP-001,PLANNED_NOT_ACQUIRED
B013,S02,90.120,99.720,"But the Steiners covered eBay's world closely — sellers, marketplace rules, executive decisions, and the complaints of people who depended on platforms like eBay.",,MIXED,S009,C001,NO,YES,YES,NO,NO,NO,"Archived publication/company webpage or screenshot, reframed cleanly in channel style.",GAP-001,PLANNED_NOT_ACQUIRED
B014,S02,100.540,110.020,"By spring twenty nineteen, a later federal court record shows that EcommerceBytes had become an increasing source of frustration for people inside eBay's leadership.",GFX-002,MIXED,S009,C003,YES,NO,NO,NO,YES,NO,Use GFX-002 as the primary explanatory layer; support with authentic record crop where useful.,,PLANNED_NOT_ACQUIRED
B015,S02,110.440,119.260,The Steiners were not business rivals trying to take eBay's customers. They were publishers criticizing the company and giving readers a place to criticize it too.,,MIXED,S009,C001,NO,YES,YES,NO,NO,NO,"Archived publication/company webpage or screenshot, reframed cleanly in channel style.",GAP-001,PLANNED_NOT_ACQUIRED
B016,S02,119.920,130.260,Companies face criticism every day. The real question is how criticism from two publishers became something people inside eBay's security organization were expected to solve.,,MIXED,S009,C003,NO,YES,YES,NO,NO,NO,"Archived publication/company webpage or screenshot, reframed cleanly in channel style.",GAP-001,PLANNED_NOT_ACQUIRED
B017,S03,131.060,143.460,"The internal messages are where the story changes. In April twenty nineteen, Steve Wymer — eBay's communications chief — sent then-C-E-O Devin Wenig a message about an Ina Steiner article.",GFX-002;GFX-003,MIXED,S009,C004,YES,YES,NO,NO,YES,NO,Use GFX-002+GFX-003 as the primary explanatory layer; support with authentic record crop where useful.,GAP-003,PLANNED_NOT_ACQUIRED
B018,S03,144.140,146.920,His words were: “We are going to crush this lady.”,GFX-002;GFX-003,MIXED,S009,C004,YES,NO,NO,NO,YES,NO,Use GFX-002+GFX-003 as the primary explanatory layer; support with authentic record crop where useful.,GAP-003,PLANNED_NOT_ACQUIRED
B019,S03,147.600,152.740,"Weeks later, according to the federal court record, Wenig told Wymer to “take her down.”",GFX-002;GFX-003,MIXED,S009,C005,YES,NO,NO,NO,YES,NO,Use GFX-002+GFX-003 as the primary explanatory layer; support with authentic record crop where useful.,GAP-003,PLANNED_NOT_ACQUIRED
B020,S03,153.580,159.860,"And on August first, another message from Wenig said that if they were ever going to act, “now is the time.”",GFX-002;GFX-003,MIXED,S009,C005,YES,NO,NO,NO,YES,NO,Use GFX-002+GFX-003 as the primary explanatory layer; support with authentic record crop where useful.,GAP-003,PLANNED_NOT_ACQUIRED
B021,S03,160.680,168.060,"Those words are dramatic. But they are not, by themselves, proof that Wenig or any other executive ordered the crimes that followed.",GFX-012,EDITOR_GRAPHIC,S009,C005;C022,NO,NO,NO,NO,YES,NO,Use GFX-012 as the primary explanatory layer; support with archive/context where useful.,,PLANNED_NOT_ACQUIRED
B022,S03,168.740,179.680,The later court record says Jim Baugh — the head of eBay security — testified that Wenig never communicated directly with him about the Steiners. Wenig's relevant communications went through Wymer.,GFX-003;GFX-007,MIXED,S009,C022,YES,NO,NO,NO,YES,NO,Use GFX-003+GFX-007 as the primary explanatory layer; support with authentic record crop where useful.,GAP-003,PLANNED_NOT_ACQUIRED
B023,S03,180.260,189.800,"Still, inside the organization, the language was escalating. Wymer's messages to Baugh became increasingly ag gressive, including the phrase “Whatever it takes.”",GFX-003,MIXED,S009,C008,YES,NO,NO,NO,YES,NO,Use GFX-003 as the primary explanatory layer; support with authentic record crop where useful.,GAP-003,PLANNED_NOT_ACQUIRED
B024,S03,190.560,194.220,Another executive relationship was pulling the issue toward security too.,,ARCHIVE_PHOTO,S009,C003,NO,YES,NO,NO,NO,NO,Rights-safe archival/person/company/location photo with restrained editorial motion.,,PLANNED_NOT_ACQUIRED
B025,S03,194.950,204.200,"Wendy Jones — Baugh's direct supervisor — told him, according to the court record, to handle the issue “off the radar” and said she did not want details.",GFX-003,MIXED,S009,C006,YES,NO,NO,NO,YES,NO,Use GFX-003 as the primary explanatory layer; support with authentic record crop where useful.,GAP-003,PLANNED_NOT_ACQUIRED
B026,S03,205.240,216.120,"That is not the same as a finding that Jones knew what the security team would later do. But by this point, criticism from two publishers was no longer being discussed only as a communications problem.",GFX-012,EDITOR_GRAPHIC,S009,C006,NO,NO,NO,NO,YES,NO,Use GFX-012 as the primary explanatory layer; support with archive/context where useful.,,PLANNED_NOT_ACQUIRED
B027,S03,216.740,218.300,It had entered the security chain.,,EDITORIAL_ARCHIVE,S009,C002;C003,NO,NO,NO,NO,NO,NO,Rights-safe archival/contextual B-roll or editor-only branded transition; no factual invention.,,PLANNED_NOT_ACQUIRED
B028,S04,219.200,226.140,"Before the most notorious phase of the campaign, members of Baugh's security operation had already traveled to Massachusetts.",GFX-004,MIXED,S009,C007,NO,YES,NO,YES,YES,NO,Use GFX-004 as the primary explanatory layer; support with archive/context where useful.,GAP-004,PLANNED_NOT_ACQUIRED
B029,S04,227.160,241.820,"During an early trip, security employee Brian Gilbert surveilled the Steiners and spray-painted “FidoMaster” on their fence — a username used by a commenter on EcommerceBytes whom the security team believed was connected to the Steiners.",GFX-004,MIXED,S009,C007,NO,NO,NO,YES,YES,YES_LABELLED_RECONSTRUCTION_TEXT_OVERLAY_EDITOR_NATIVE,Use GFX-004 as the primary explanatory layer; support with archive/context where useful.,GAP-006,PLANNED_NOT_ACQUIRED
B030,S04,242.560,252.480,Baugh later described the trip to Wymer as a “tap on the shoulder.” That moment matters because it shows how the problem was being translated inside the company.,GFX-003,MIXED,S009,C007,YES,NO,NO,NO,YES,NO,Use GFX-003 as the primary explanatory layer; support with authentic record crop where useful.,GAP-003,PLANNED_NOT_ACQUIRED
B031,S04,253.440,262.820,"At the top, there was anger about criticism. In the middle, increasingly forceful messages. At the security level, those messages were becoming action.",,ARCHIVE_PHOTO,S009,C003;C008;C009,NO,YES,NO,NO,NO,NO,Rights-safe archival/person/company/location photo with restrained editorial motion.,,PLANNED_NOT_ACQUIRED
B032,S04,263.740,273.040,"Then the process became more organized. On August sixth, Baugh held meetings with security-team members to plan an operation against the Steiners.",GFX-002,EDITOR_GRAPHIC,S009;S001;S002,C009,NO,NO,NO,NO,YES,NO,Use GFX-002 as the primary explanatory layer; support with archive/context where useful.,,PLANNED_NOT_ACQUIRED
B033,S04,273.860,283.080,"The plan included unwanted deliveries and online harassment. The next day, Baugh met with Wymer. And then the operation accelerated.",GFX-002,EDITOR_GRAPHIC,S009;S001,C009,NO,NO,NO,NO,YES,NO,Use GFX-002 as the primary explanatory layer; support with archive/context where useful.,,PLANNED_NOT_ACQUIRED
B034,S05,284.180,293.200,The Steiners began receiving threatening online messages and disturbing deliveries. The admitted record includes live insects and a bloody pig mask.,,ILLUSTRATIVE_RECONSTRUCTION,S001;S009;S012,C010,NO,NO,NO,NO,NO,YES_LABELLED_RECONSTRUCTION_NO_FAKE_SOURCE_UI,Clearly labeled illustrative reconstruction; never present as authentic evidence.,GAP-005,PLANNED_NOT_ACQUIRED
B035,S05,294.220,300.920,There were also Craigslist posts designed to send strangers toward the Steiners and other messages intended to frighten them.,,ILLUSTRATIVE_RECONSTRUCTION,S001;S009,C011,NO,NO,NO,NO,NO,YES_LABELLED_RECONSTRUCTION_NO_FAKE_SOURCE_UI,Clearly labeled illustrative reconstruction; never present as authentic evidence.,GAP-005,PLANNED_NOT_ACQUIRED
B036,S05,301.780,308.420,The details are bizarre enough to make the story feel almost unreal. But the key point is that this was organized.,,EDITORIAL_ARCHIVE,S001;S009,C010;C011,NO,NO,NO,NO,NO,NO,Rights-safe archival/contextual B-roll or editor-only branded transition; no factual invention.,,PLANNED_NOT_ACQUIRED
B037,S05,309.400,318.820,"People were planning activities, traveling, communicating, and using corporate-security personnel and resources around a campaign directed at two private citizens.",,MIXED,S009;S001,C009;C010;C011,NO,YES,NO,NO,NO,YES_LABELLED_RECONSTRUCTION_GENERIC_NO_IDENTIFIABLE_ACTOR_CLAIMS,Rights-safe archival/person/company/location photo with restrained editorial motion.,,PLANNED_NOT_ACQUIRED
B038,S05,319.880,328.140,"Then the line moved again. On August fifteenth, Baugh, David Harville and Veronica Zea traveled to the Steiners' area.",GFX-002;GFX-004,MIXED,S009,C012,NO,NO,NO,YES,YES,YES_LABELLED_RECONSTRUCTION_GENERIC_NO_IDENTIFIABLE_ACTOR_CLAIMS,Use GFX-002+GFX-004 as the primary explanatory layer; support with archive/context where useful.,GAP-004,PLANNED_NOT_ACQUIRED
B039,S05,328.940,337.480,"According to the federal court record, they attempted to install a G-P-S tracker on the Steiners' vehicle. They also surveilled and followed the couple.",GFX-004;GFX-014,MIXED,S009;S001;S005,C012,YES,NO,NO,YES,YES,YES_LABELLED_RECONSTRUCTION_ATTEMPT_ONLY_NO_INSTALLED_TRACKER,Use GFX-004+GFX-014 as the primary explanatory layer; support with authentic record crop where useful.,GAP-007,PLANNED_NOT_ACQUIRED
B040,S05,338.340,349.320,The tracker was not established as successfully installed. But the attempt changed the nature of the story. This was no longer just anonymous online harassment or disturbing deliveries.,GFX-014,MIXED,S009,C012,NO,NO,NO,NO,YES,YES_LABELLED_RECONSTRUCTION_ATTEMPT_ONLY_NO_INSTALLED_TRACKER,Use GFX-014 as the primary explanatory layer; support with archive/context where useful.,GAP-007,PLANNED_NOT_ACQUIRED
B041,S05,350.380,355.800,"It had become a physical surveillance operation. And the next day, the Steiners went to the police.",GFX-004,MIXED,S009,C013,NO,NO,NO,YES,YES,YES_LABELLED_RECONSTRUCTION_GENERIC_NO_IDENTIFIABLE_ACTOR_CLAIMS,Use GFX-004 as the primary explanatory layer; support with archive/context where useful.,GAP-004,PLANNED_NOT_ACQUIRED
B042,S06,356.860,366.060,"Natick police began investigating on August sixteenth, twenty nineteen. That should have ended the operation. Instead, it created a second problem.",GFX-002;GFX-004,MIXED,S009;S001,C013,NO,NO,NO,YES,YES,NO,Use GFX-002+GFX-004 as the primary explanatory layer; support with archive/context where useful.,GAP-004,PLANNED_NOT_ACQUIRED
B043,S06,366.980,374.300,The first was what the security team had done. The second was what members of that team did once investigators started asking questions.,,EDITORIAL_ARCHIVE,S001;S002;S003,C014,NO,NO,NO,NO,NO,NO,Rights-safe archival/contextual B-roll or editor-only branded transition; no factual invention.,,PLANNED_NOT_ACQUIRED
B044,S06,375.480,384.240,"The record admitted by eBay and described by federal prosecutors includes false statements, deletion of digital evidence, and falsified records.",,SOURCE_DOCUMENT,S001;S002;S003,C014,YES,NO,NO,NO,NO,NO,Authentic source document/court/DOJ/corporate statement crop with restrained highlight and date/source metadata.,,PLANNED_NOT_ACQUIRED
B045,S06,385.280,394.160,"A security organization that existed to reduce risk had now created two kinds of risk: the operation itself, and the effort to conceal it.",,EDITORIAL_ARCHIVE,S001;S002;S003,C014,NO,NO,NO,NO,NO,NO,Rights-safe archival/contextual B-roll or editor-only branded transition; no factual invention.,,PLANNED_NOT_ACQUIRED
B046,S06,395.020,410.060,"eBay began its own internal investigation days later. By the end of August, several security employees had been placed on leave. Over time, key members of the operation were removed or terminated, and one contractor's relationship ended.",GFX-002,MIXED,S009;S012,C015,NO,YES,NO,NO,YES,NO,Use GFX-002 as the primary explanatory layer; support with archive/context where useful.,GAP-002,PLANNED_NOT_ACQUIRED
B047,S06,410.900,415.800,But internal discipline was only the beginning. Federal prosecutors were coming next.,,SOURCE_DOCUMENT,S001;S004,C014,YES,NO,NO,NO,NO,NO,Authentic source document/court/DOJ/corporate statement crop with restrained highlight and date/source metadata.,,PLANNED_NOT_ACQUIRED
B048,S07,416.540,422.360,"Beginning in twenty twenty, federal prosecutors brought criminal cases against people involved in the campaign.",GFX-005,MIXED,S004;S005;S006;S007;S008,C016,YES,NO,NO,NO,YES,NO,Use GFX-005 as the primary explanatory layer; support with authentic record crop where useful.,GAP-008,PLANNED_NOT_ACQUIRED
B049,S07,423.480,429.180,"Eventually, all seven former eBay employees and contractors who were prosecuted pleaded guilty.",GFX-005,MIXED,S004;S005;S006;S007;S008,C016,YES,NO,NO,NO,YES,NO,Use GFX-005 as the primary explanatory layer; support with authentic record crop where useful.,GAP-008,PLANNED_NOT_ACQUIRED
B050,S07,430.420,439.600,A guilty plea is not an allegation. It establishes criminal guilt without a trial. Jim Baugh received fifty-seven months in prison.,GFX-005,MIXED,S005,C016;C017,YES,NO,NO,NO,YES,NO,Use GFX-005 as the primary explanatory layer; support with authentic record crop where useful.,GAP-008,PLANNED_NOT_ACQUIRED
B051,S07,440.920,449.880,"David Harville received twenty-four months. Other participants received combinations of prison, probation, home confinement, and financial penalties.",GFX-005,MIXED,S005;S006;S007;S008;S004,C017,YES,NO,NO,NO,YES,NO,Use GFX-005 as the primary explanatory layer; support with authentic record crop where useful.,GAP-008,PLANNED_NOT_ACQUIRED
B052,S07,451.340,460.880,"By twenty twenty-four, the individual criminal cases had produced a clear story of personal accountability. And from a distance, that can look like the ending.",,ARCHIVE_PHOTO,S004,C016,NO,YES,NO,NO,NO,NO,Rights-safe archival/person/company/location photo with restrained editorial motion.,,PLANNED_NOT_ACQUIRED
B053,S07,462.060,468.780,eBay had removed key members of the security operation. The people who were federally prosecuted had pleaded guilty.,GFX-005,MIXED,S004,C016,YES,NO,NO,NO,YES,NO,Use GFX-005 as the primary explanatory layer; support with authentic record crop where useful.,GAP-008,PLANNED_NOT_ACQUIRED
B054,S07,469.980,476.000,But federal prosecutors eventually turned from the individuals inside the company to the company itself.,GFX-006,MIXED,S001;S003,C018,YES,NO,NO,NO,YES,NO,Use GFX-006 as the primary explanatory layer; support with authentic record crop where useful.,,PLANNED_NOT_ACQUIRED
B055,S08,477.340,483.160,"In January twenty twenty-four, prosecutors filed a six-count criminal Information against eBay.",GFX-006,MIXED,S003;S001,C018,YES,NO,NO,NO,YES,NO,Use GFX-006 as the primary explanatory layer; support with authentic record crop where useful.,,PLANNED_NOT_ACQUIRED
B056,S08,484.200,495.500,"The counts included interstate stalking, stalking through electronic communications, witness tampering, and destruction or falsification of records connected to a federal investigation.",GFX-006,MIXED,S003,C018,YES,NO,NO,NO,YES,NO,Use GFX-006 as the primary explanatory layer; support with authentic record crop where useful.,,PLANNED_NOT_ACQUIRED
B057,S08,496.900,499.300,But eBay was not convicted on those charges.,GFX-006;GFX-012,MIXED,S002;S001,C019,YES,NO,NO,NO,YES,NO,Use GFX-006+GFX-012 as the primary explanatory layer; support with authentic record crop where useful.,,PLANNED_NOT_ACQUIRED
B058,S08,500.300,503.880,"Instead, the company entered a deferred prosecution agreement.",GFX-006,MIXED,S002;S001,C019,YES,NO,NO,NO,YES,NO,Use GFX-006 as the primary explanatory layer; support with authentic record crop where useful.,,PLANNED_NOT_ACQUIRED
B059,S08,505.020,508.380,A deferred prosecution agreement works differently from a conviction.,GFX-006;GFX-012,MIXED,S002,C019,YES,NO,NO,NO,YES,NO,Use GFX-006+GFX-012 as the primary explanatory layer; support with authentic record crop where useful.,,PLANNED_NOT_ACQUIRED
B060,S08,509.420,524.080,"The government files charges, but prosecution is held back while the company complies with negotiated conditions. If the agreement is completed successfully, the criminal case is intended to end without a trial on those corporate charges.",GFX-006,MIXED,S002,C019,YES,NO,NO,NO,YES,NO,Use GFX-006 as the primary explanatory layer; support with authentic record crop where useful.,,PLANNED_NOT_ACQUIRED
B061,S08,525.140,528.120,"For eBay, the agreement came with real consequences.",GFX-006,MIXED,S001;S002,C019,NO,YES,NO,NO,YES,NO,Use GFX-006 as the primary explanatory layer; support with archive/context where useful.,GAP-002,PLANNED_NOT_ACQUIRED
B062,S08,529.300,536.780,The company admitted a detailed factual account of the conduct. It agreed to pay a three-million-dollar criminal penalty.,GFX-006,MIXED,S001;S002;S012,C019,YES,NO,NO,NO,YES,NO,Use GFX-006 as the primary explanatory layer; support with authentic record crop where useful.,,PLANNED_NOT_ACQUIRED
B063,S08,537.600,544.240,"And it accepted an independent compliance monitor for three years, along with cooperation and compliance obligations.",GFX-006,MIXED,S001;S002;S012,C019,YES,NO,NO,NO,YES,NO,Use GFX-006 as the primary explanatory layer; support with authentic record crop where useful.,,PLANNED_NOT_ACQUIRED
B064,S08,545.640,555.980,"At that point, the legal consequences no longer belonged only to individuals. eBay itself had entered a federal criminal resolution tied to the conduct.",GFX-006,MIXED,S001;S002;S012,C019,NO,YES,NO,NO,YES,NO,Use GFX-006 as the primary explanatory layer; support with archive/context where useful.,GAP-002,PLANNED_NOT_ACQUIRED
B065,S08,556.820,565.860,But one major question was still unresolved. How far up the organization could civil responsibility for the campaign extend?,GFX-007,MIXED,S009,C021,NO,YES,NO,NO,YES,NO,Use GFX-007 as the primary explanatory layer; support with archive/context where useful.,,PLANNED_NOT_ACQUIRED
B066,S08,566.960,569.300,That question was moving toward a jury.,GFX-007,MIXED,S009,C021,YES,NO,NO,NO,YES,NO,Use GFX-007 as the primary explanatory layer; support with authentic record crop where useful.,,PLANNED_NOT_ACQUIRED
B067,S09,570.640,574.500,The Steiners filed their federal civil case in July twenty twenty-one.,GFX-002,MIXED,S010;S011,C020,YES,NO,NO,NO,YES,NO,Use GFX-002 as the primary explanatory layer; support with authentic record crop where useful.,,PLANNED_NOT_ACQUIRED
B068,S09,575.640,580.400,"Four years later, Judge Patti Saris issued a major summary-judgment order.",,SOURCE_DOCUMENT,S009,C021,YES,NO,NO,NO,NO,NO,Authentic source document/court/DOJ/corporate statement crop with restrained highlight and date/source metadata.,,PLANNED_NOT_ACQUIRED
B069,S09,581.040,593.080,"At this stage, the key distinction is simple: allowing a claim to continue does not mean a defendant has been found liable. It means the issue can still be decided by a jury.",GFX-012,MIXED,S009,C021,YES,NO,NO,NO,YES,NO,Use GFX-012 as the primary explanatory layer; support with authentic record crop where useful.,,PLANNED_NOT_ACQUIRED
B070,S09,593.800,603.440,And the court treated different defendants differently. A security contractor named P-F-C won summary judgment on the claims against it.,GFX-007,MIXED,S009,C025,YES,NO,NO,NO,YES,NO,Use GFX-007 as the primary explanatory layer; support with authentic record crop where useful.,,PLANNED_NOT_ACQUIRED
B071,S09,604.100,608.760,But significant claims involving eBay and former executives survived.,GFX-007,MIXED,S009,C021,NO,YES,NO,NO,YES,NO,Use GFX-007 as the primary explanatory layer; support with archive/context where useful.,,PLANNED_NOT_ACQUIRED
B072,S09,609.660,619.440,"For Devin Wenig, the record included an important limitation: Baugh testified that Wenig had not communicated with him directly about the Steiners.",GFX-007,MIXED,S009,C022,NO,YES,NO,NO,YES,NO,Use GFX-007 as the primary explanatory layer; support with archive/context where useful.,GAP-009,PLANNED_NOT_ACQUIRED
B073,S09,620.240,633.060,"At the same time, the judge held that, viewing the evidence in the Steiners' favor as required at that stage, a jury could potentially find Wenig's encouragement was a substantial factor in what followed.",GFX-007;GFX-012,MIXED,S009,C023,YES,NO,NO,NO,YES,NO,Use GFX-007+GFX-012 as the primary explanatory layer; support with authentic record crop where useful.,,PLANNED_NOT_ACQUIRED
B074,S09,634.080,650.940,"Wenig disputed that interpretation. His lawyers said he had no knowledge of or involvement in the harassment campaign, did not approve or authorize it, and argued that his messages concerned a public-relations response to the Steiners' reporting.",GFX-007;GFX-012,MIXED,S009;S019,C023;C031,YES,YES,NO,NO,YES,NO,Use GFX-007+GFX-012 as the primary explanatory layer; support with authentic record crop where useful.,GAP-009,PLANNED_NOT_ACQUIRED
B075,S09,652.280,663.820,"For Steve Wymer, the court pointed to a more extensive communication record and held that a reasonable jury could find he had induced, encouraged or authorized tortious conduct.",GFX-007;GFX-012,MIXED,S009,C024,YES,YES,NO,NO,YES,NO,Use GFX-007+GFX-012 as the primary explanatory layer; support with authentic record crop where useful.,GAP-009,PLANNED_NOT_ACQUIRED
B076,S09,664.560,667.640,"Again, that was not a final finding of liability.",GFX-007;GFX-012,MIXED,S009,C024,YES,NO,NO,NO,YES,NO,Use GFX-007+GFX-012 as the primary explanatory layer; support with authentic record crop where useful.,,PLANNED_NOT_ACQUIRED
B077,S09,669.000,674.260,"And Wenig, Wymer and Wendy Jones were not criminally charged over the campaign.",GFX-007,MIXED,S009;S004,C021,NO,YES,NO,NO,YES,NO,Use GFX-007 as the primary explanatory layer; support with archive/context where useful.,GAP-009,PLANNED_NOT_ACQUIRED
B078,S09,675.700,691.400,"eBay's internal-investigation position also cut the other way: according to reporting on a company presentation, its lawyers said they had found no evidence that Wenig or Wymer directed the criminal acts or knew those acts would follow.",GFX-003,MIXED,S019,C031,YES,NO,NO,NO,YES,NO,Use GFX-003 as the primary explanatory layer; support with authentic record crop where useful.,,PLANNED_NOT_ACQUIRED
B079,S09,692.440,702.280,"So by late twenty twenty-five, the unresolved question was how far responsibility extended above the people who had carried out the security operation.",,ARCHIVE_PHOTO,S009,C021,NO,YES,NO,NO,NO,NO,Rights-safe archival/person/company/location photo with restrained editorial motion.,,PLANNED_NOT_ACQUIRED
B080,S09,703.640,709.000,A jury was getting close to answering that. Then the case appeared to end.,,SOURCE_DOCUMENT,S009,C021,YES,NO,NO,NO,NO,NO,Authentic source document/court/DOJ/corporate statement crop with restrained highlight and date/source metadata.,,PLANNED_NOT_ACQUIRED
B081,S10,710.380,718.560,"On February twenty-fifth, twenty twenty-six, just before trial, the parties reported a settlement in principle. The terms were not disclosed.",GFX-013,MIXED,S015;S019,C026,YES,NO,NO,NO,YES,NO,Use GFX-013 as the primary explanatory layer; support with authentic record crop where useful.,GAP-010,PLANNED_NOT_ACQUIRED
B082,S10,718.560,723.480,The case was conditionally dismissed while they worked to finalize the agreement.,GFX-013,MIXED,S015;S019,C026,YES,NO,NO,NO,YES,NO,Use GFX-013 as the primary explanatory layer; support with authentic record crop where useful.,GAP-010,PLANNED_NOT_ACQUIRED
B083,S10,724.220,733.820,"After years of criminal cases, a corporate D-P-A, civil discovery and pretrial rulings, it looked like the final chapter. Then the deal failed.",GFX-013,MIXED,S015;S016,C026;C027,YES,NO,NO,NO,YES,NO,Use GFX-013 as the primary explanatory layer; support with authentic record crop where useful.,GAP-010,PLANNED_NOT_ACQUIRED
B084,S10,734.860,743.180,"By June, the settlement had not been finalized. The civil case was reopened. A new trial date was set for January twenty twenty-seven.",GFX-013,MIXED,S016,C027,YES,NO,NO,NO,YES,NO,Use GFX-013 as the primary explanatory layer; support with authentic record crop where useful.,GAP-010,PLANNED_NOT_ACQUIRED
B085,S10,743.960,752.340,"That put the unresolved civil-responsibility question back on the table. But before a jury could hear the case, the parties reached another deal.",GFX-013,MIXED,S016;S014;S017,C027;C028,YES,NO,NO,NO,YES,NO,Use GFX-013 as the primary explanatory layer; support with authentic record crop where useful.,GAP-010,PLANNED_NOT_ACQUIRED
B086,S10,752.940,757.000,"This one became the final settlement. And this time, the numbers were public.",GFX-008;GFX-013,MIXED,S014;S017;S018,C028,YES,NO,NO,NO,YES,NO,Use GFX-008+GFX-013 as the primary explanatory layer; support with authentic record crop where useful.,GAP-010,PLANNED_NOT_ACQUIRED
B087,S11,757.980,761.360,The final agreement was announced in late July twenty twenty-six.,GFX-008,MIXED,S014;S017;S018,C028,NO,YES,NO,NO,YES,NO,Use GFX-008 as the primary explanatory layer; support with archive/context where useful.,GAP-010,PLANNED_NOT_ACQUIRED
B088,S11,762.080,766.940,The total announced settlement package was fifty-five-point-seven million dollars.,GFX-008,MIXED,S014;S017;S018,C028,YES,NO,NO,NO,YES,NO,Use GFX-008 as the primary explanatory layer; support with authentic record crop where useful.,GAP-010,PLANNED_NOT_ACQUIRED
B089,S11,766.940,772.520,But that number has to be broken apart. It was not a fifty-five-point-seven-million-dollar judgment.,GFX-008,MIXED,S014;S017;S018,C028,YES,NO,NO,NO,YES,NO,Use GFX-008 as the primary explanatory layer; support with authentic record crop where useful.,GAP-010,PLANNED_NOT_ACQUIRED
B090,S11,773.220,777.680,And it was not a fifty-five-point-seven-million-dollar payment made only by eBay.,GFX-008,MIXED,S014;S017;S018,C028,YES,NO,NO,NO,YES,NO,Use GFX-008 as the primary explanatory layer; support with authentic record crop where useful.,GAP-010,PLANNED_NOT_ACQUIRED
B091,S11,778.640,784.000,"According to the announced terms, forty-eight-point-seven million dollars was compensation to the Steiners.",GFX-008,MIXED,S014;S017;S018,C028,YES,NO,NO,NO,YES,NO,Use GFX-008 as the primary explanatory layer; support with authentic record crop where useful.,GAP-010,PLANNED_NOT_ACQUIRED
B092,S11,784.680,787.640,Another seven million dollars consisted of charitable commitments.,GFX-008,MIXED,S014;S017;S018,C028,YES,NO,NO,NO,YES,NO,Use GFX-008 as the primary explanatory layer; support with authentic record crop where useful.,GAP-010,PLANNED_NOT_ACQUIRED
B093,S11,788.540,794.660,"Of the direct compensation, eBay's announced share was forty-six-point-one-five million dollars.",GFX-009,MIXED,S014;S017;S018,C029,YES,NO,NO,NO,YES,NO,Use GFX-009 as the primary explanatory layer; support with authentic record crop where useful.,GAP-010,PLANNED_NOT_ACQUIRED
B094,S11,794.660,796.180,Devin Wenig's was two million.,GFX-009,MIXED,S014;S017;S018,C029,YES,NO,NO,NO,YES,NO,Use GFX-009 as the primary explanatory layer; support with authentic record crop where useful.,GAP-010,PLANNED_NOT_ACQUIRED
B095,S11,797.040,801.260,Wendy Jones's was five hundred thousand. Steve Wymer's was fifty thousand.,GFX-009,MIXED,S014;S017;S018,C029,YES,NO,NO,NO,YES,NO,Use GFX-009 as the primary explanatory layer; support with authentic record crop where useful.,GAP-010,PLANNED_NOT_ACQUIRED
B096,S11,801.740,812.020,"Separately, eBay committed six million dollars to nonprofit organizations, and Wenig committed one million dollars to a First Amendment-focused charity in Ina Steiner's name.",GFX-010,MIXED,S014;S017;S018,C029,YES,NO,NO,NO,YES,NO,Use GFX-010 as the primary explanatory layer; support with authentic record crop where useful.,GAP-010,PLANNED_NOT_ACQUIRED
B097,S11,812.780,815.940,That is how the total reached fifty-five-point-seven million.,GFX-008,MIXED,S014;S017;S018,C028;C029,YES,NO,NO,NO,YES,NO,Use GFX-008 as the primary explanatory layer; support with authentic record crop where useful.,GAP-010,PLANNED_NOT_ACQUIRED
B098,S11,816.540,825.700,And that number should not be combined with eBay's separate three-million-dollar criminal penalty and presented as a fifty-eight-point-seven-million-dollar award.,GFX-011,MIXED,S001;S002;S014;S017,C019;C028,YES,NO,NO,NO,YES,NO,Use GFX-011 as the primary explanatory layer; support with authentic record crop where useful.,GAP-010,PLANNED_NOT_ACQUIRED
B099,S11,826.300,827.520,There was no such award.,GFX-011,EDITOR_GRAPHIC,S001;S002;S014;S017,C019;C028,NO,NO,NO,NO,YES,NO,Use GFX-011 as the primary explanatory layer; support with archive/context where useful.,GAP-010,PLANNED_NOT_ACQUIRED
B100,S11,828.320,838.040,These were separate legal resolutions with different purposes. One was a federal criminal resolution involving the company. The other was the final civil settlement package.,GFX-011,MIXED,S001;S002;S014;S017,C019;C028,YES,NO,NO,NO,YES,NO,Use GFX-011 as the primary explanatory layer; support with authentic record crop where useful.,GAP-010,PLANNED_NOT_ACQUIRED
B101,S11,838.820,843.700,The cost did not arrive in one courtroom on one day. It accumulated over years.,GFX-015,MIXED,S001;S014;S017,C019;C028,YES,NO,NO,NO,YES,NO,Use GFX-015 as the primary explanatory layer; support with authentic record crop where useful.,GAP-010,PLANNED_NOT_ACQUIRED
B102,S12,844.600,854.500,"In its July twenty twenty-six statement, eBay apologized to Ina and David Steiner. The company called the conduct of the former employees wrong and reprehensible.",GFX-003,MIXED,S013,C030,YES,YES,YES,NO,YES,NO,Use GFX-003 as the primary explanatory layer; support with authentic record crop where useful.,GAP-011,PLANNED_NOT_ACQUIRED
B103,S12,855.180,861.280,"It also acknowledged what it described as unprofessional communications involving Wenig, Wymer and Jones.",GFX-003,MIXED,S013,C030,YES,YES,YES,NO,YES,NO,Use GFX-003 as the primary explanatory layer; support with authentic record crop where useful.,GAP-011,PLANNED_NOT_ACQUIRED
B104,S12,862.240,869.060,But the settlement meant there would be no jury verdict deciding the surviving civil-liability questions against those former executives.,GFX-012,MIXED,S009;S014,C021;C028,YES,NO,NO,NO,YES,NO,Use GFX-012 as the primary explanatory layer; support with authentic record crop where useful.,,PLANNED_NOT_ACQUIRED
B105,S12,870.120,880.540,So the ending is not that a court answered every question. It did not. What the public record does show is enough. A small publication criticized a global marketplace.,GFX-012;GFX-015,MIXED,S009;S014,C021;C028,YES,NO,NO,NO,YES,NO,Use GFX-012+GFX-015 as the primary explanatory layer; support with authentic record crop where useful.,,PLANNED_NOT_ACQUIRED
B106,S12,881.420,888.700,"Inside eBay, that criticism generated escalating internal hostility. The issue moved into corporate security.",,ARCHIVE_PHOTO,S009;S013,C003;C030,NO,YES,NO,NO,NO,NO,Rights-safe archival/person/company/location photo with restrained editorial motion.,,PLANNED_NOT_ACQUIRED
B107,S12,889.200,897.020,"Security personnel planned and carried out harassment and surveillance. When police began investigating, the problem expanded into obstruction.",,ILLUSTRATIVE_RECONSTRUCTION,S001;S002;S009,C010;C012;C014,NO,NO,NO,NO,NO,YES_LABELLED_RECONSTRUCTION_GENERIC_NO_IDENTIFIABLE_ACTOR_CLAIMS,Clearly labeled illustrative reconstruction; never present as authentic evidence.,GAP-007,PLANNED_NOT_ACQUIRED
B108,S12,897.900,900.400,Seven prosecuted participants pleaded guilty.,GFX-005,MIXED,S004,C016,YES,NO,NO,NO,YES,NO,Use GFX-005 as the primary explanatory layer; support with authentic record crop where useful.,GAP-008,PLANNED_NOT_ACQUIRED
B109,S12,901.260,911.140,"eBay itself later entered a federal deferred prosecution agreement, admitted detailed facts, paid a three-million-dollar criminal penalty, and accepted an independent monitor.",GFX-006,MIXED,S001;S002;S012,C019,YES,NO,NO,NO,YES,NO,Use GFX-006 as the primary explanatory layer; support with authentic record crop where useful.,,PLANNED_NOT_ACQUIRED
B110,S12,911.840,921.080,Years of civil litigation then pushed unresolved questions about responsibility higher into the organization. The first twenty twenty-six settlement failed.,GFX-013,MIXED,S015;S016;S014,C026;C027;C028,YES,NO,NO,NO,YES,NO,Use GFX-013 as the primary explanatory layer; support with authentic record crop where useful.,GAP-010,PLANNED_NOT_ACQUIRED
B111,S12,921.900,926.520,The second ended the case with a fifty-five-point-seven-million-dollar settlement package.,GFX-008,MIXED,S014;S017;S018,C028,YES,NO,NO,NO,YES,NO,Use GFX-008 as the primary explanatory layer; support with authentic record crop where useful.,GAP-010,PLANNED_NOT_ACQUIRED
B112,S12,927.320,937.400,"There were personal costs: guilty pleas and prison sentences. There were corporate legal costs: federal charges, a D-P-A, a penalty, and monitoring.",GFX-005;GFX-015,MIXED,S004;S005;S001;S002,C016;C017;C019,YES,NO,NO,NO,YES,NO,Use GFX-005+GFX-015 as the primary explanatory layer; support with authentic record crop where useful.,GAP-008,PLANNED_NOT_ACQUIRED
B113,S12,938.280,942.180,And there were civil financial costs measured i n tens of millions of dollars.,GFX-008;GFX-015,MIXED,S014;S017;S018,C028,YES,NO,NO,NO,YES,NO,Use GFX-008+GFX-015 as the primary explanatory layer; support with authentic record crop where useful.,GAP-010,PLANNED_NOT_ACQUIRED
B114,S12,942.720,951.340,All of that grew out of a problem every major company eventually faces: criticism. The expensive decision was not that the criticism existed.,GFX-015,MIXED,S009;S013,C003;C030,NO,YES,NO,NO,YES,NO,Use GFX-015 as the primary explanatory layer; support with archive/context where useful.,,PLANNED_NOT_ACQUIRED
B115,S12,952.080,956.920,It was what people inside the company decided to do about it. And that is what it cost.,GFX-015,MIXED,S009;S013,C003;C030,NO,YES,NO,NO,YES,NO,Use GFX-015 as the primary explanatory layer; support with archive/context where useful.,,PLANNED_NOT_ACQUIRED
