crop_id,source_id,official_source_url,document_page,purpose,verified_focus,visual_class,rights_status,beats_or_gfx,guardrail,status
DC001,S009,"https://www.govinfo.gov/content/pkg/USCOURTS-mad-1_21-cv-11181/pdf/USCOURTS-mad-1_21-cv-11181-3.pdf","4","April 10 executive communication","Wymer → Wenig: 'We are going to crush this lady'","AUTHENTIC_SOURCE_CROP","FEDERAL_COURT_OPINION_TEXT","B017-B018;GFX-002;GFX-003","Keep source/date/court metadata and adjacent context; message is not proof of later criminal authorization.","CROP_SPEC_READY_NOT_RENDERED"
DC002,S009,"https://www.govinfo.gov/content/pkg/USCOURTS-mad-1_21-cv-11181/pdf/USCOURTS-mad-1_21-cv-11181-3.pdf","5","Jones / Baugh instruction","'off the radar' / did not want details","AUTHENTIC_SOURCE_CROP","FEDERAL_COURT_OPINION_TEXT","B025-B026;GFX-003","Use court-language framing; do not turn into finding Jones knew later criminal plan.","CROP_SPEC_READY_NOT_RENDERED"
DC003,S009,"https://www.govinfo.gov/content/pkg/USCOURTS-mad-1_21-cv-11181/pdf/USCOURTS-mad-1_21-cv-11181-3.pdf","5","May 31 communication","Wenig → Wymer: 'take her down'","AUTHENTIC_SOURCE_CROP","FEDERAL_COURT_OPINION_TEXT","B019;GFX-002;GFX-003","Pair with later no-direct-Baugh communication counterweight.","CROP_SPEC_READY_NOT_RENDERED"
DC004,S009,"https://www.govinfo.gov/content/pkg/USCOURTS-mad-1_21-cv-11181/pdf/USCOURTS-mad-1_21-cv-11181-3.pdf","6","First Boston visit + August 1 escalation","FidoMaster fence / 'tap on the shoulder' / 'now is the time'","AUTHENTIC_SOURCE_CROP","FEDERAL_COURT_OPINION_TEXT","B020;B028-B030;GFX-002;GFX-003","S009 supports event without exact June 8 date; use S003 if typesetting exact June 8.","CROP_SPEC_READY_NOT_RENDERED"
DC005,S003,"https://www.justice.gov/usao-ma/media/1333086/dl","5","Exact FidoMaster chronology","June 7 Boston travel; June 8 call and FidoMaster graffiti","AUTHENTIC_SOURCE_CROP","DOJ_US_GOV_TEXT","B029;GFX-002","This is the controlling source for an exact June 8 date. Exclude seal/logo treatment.","CROP_SPEC_READY_NOT_RENDERED"
DC006,S009,"https://www.govinfo.gov/content/pkg/USCOURTS-mad-1_21-cv-11181/pdf/USCOURTS-mad-1_21-cv-11181-3.pdf","8","Campaign items + GPS attempt","disturbing deliveries; Aug 15 unsuccessful GPS attempt; surveillance","AUTHENTIC_SOURCE_CROP","FEDERAL_COURT_OPINION_TEXT","B034-B041;GFX-014","Redact/avoid any personal address details. Attempt ≠ successful installation.","CROP_SPEC_READY_NOT_RENDERED"
DC007,S003,"https://www.justice.gov/usao-ma/media/1333086/dl","14","GPS factual sequence","attempted unsuccessfully to install device because car was locked in garage; Aug 16 surveillance","AUTHENTIC_SOURCE_CROP","DOJ_US_GOV_TEXT","B039-B041;GFX-014","Use filing text, not fabricated device shot; never depict attached tracker.","CROP_SPEC_READY_NOT_RENDERED"
DC008,S009,"https://www.govinfo.gov/content/pkg/USCOURTS-mad-1_21-cv-11181/pdf/USCOURTS-mad-1_21-cv-11181-3.pdf","39-40","Wenig counterweight / summary judgment","Baugh clarified Wenig never communicated directly with him about Steiners; court denies motion under reasonable-jury standard","AUTHENTIC_SOURCE_CROP","FEDERAL_COURT_OPINION_TEXT","B072-B074;GFX-007;GFX-012","Surviving claim ≠ liability finding; preserve 'viewed in light most favorable' posture.","CROP_SPEC_READY_NOT_RENDERED"
DC009,S009,"https://www.govinfo.gov/content/pkg/USCOURTS-mad-1_21-cv-11181/pdf/USCOURTS-mad-1_21-cv-11181-3.pdf","41","Wymer summary-judgment analysis","reasonable juror could interpret communications as directing/encouraging/sanctioning","AUTHENTIC_SOURCE_CROP","FEDERAL_COURT_OPINION_TEXT","B075-B076;GFX-007;GFX-012","Potential jury interpretation, not adjudicated liability.","CROP_SPEC_READY_NOT_RENDERED"
DC010,S009,"https://www.govinfo.gov/content/pkg/USCOURTS-mad-1_21-cv-11181/pdf/USCOURTS-mad-1_21-cv-11181-3.pdf","54","Final summary-judgment order","eBay/executive motions allowed in part/denied in part; PFC allowed","AUTHENTIC_SOURCE_CROP","FEDERAL_COURT_OPINION_TEXT","B066-B080;GFX-012","Show exact scope; do not simplify into a verdict.","CROP_SPEC_READY_NOT_RENDERED"
DC011,S004,"https://www.justice.gov/usao-ma/pr/final-defendant-ebay-cyberstalking-case-sentenced","web page","Individual criminal-accountability summary","DOJ confirmation all seven prosecuted participants pleaded guilty","AUTHENTIC_SOURCE_PAGE","DOJ_US_GOV_TEXT","B048-B053;B108;B112;GFX-005","Use text/source label; no external photo unless separately cleared.","CROP_SPEC_READY_NOT_RENDERED"
DC012,S005,"https://www.justice.gov/usao-ma/pr/two-former-ebay-executives-sentenced-prison-cyberstalking","web page","Baugh / Harville sentences","Baugh 57 months; Harville 24 months","AUTHENTIC_SOURCE_PAGE","DOJ_US_GOV_TEXT","B050-B051;GFX-005","Keep individual sentence attribution exact.","CROP_SPEC_READY_NOT_RENDERED"
DC013,S013,"https://www.ebayinc.com/stories/news/ebay-statement-regarding-agreement-with-ina-and-david-steiner/","web page","July 2026 eBay statement","agreement; three former executives not criminally charged; apology; unprofessional tone","EDITOR_RECREATION_FROM_SOURCE","COPYRIGHTED_FIRST_PARTY","B102-B103;B114-B115","Do not treat page screenshot as license-cleared; typeset only required verified wording with attribution.","EDITOR_RECREATE_SPEC_READY"
DC014,S020,"https://attorneywire.com/wp-content/uploads/2026/07/Steiner_et_al_v_eBay_Inc_et_al__madce-21-11181__0986.0.pdf","1","Final civil-case procedural status","Document 986 — STIPULATION OF DISMISSAL WITH PREJUDICE; all claims against all defendants dismissed with prejudice; filed July 27 2026","EDITOR_RECREATION_FROM_PRIMARY","PARTY_AUTHORED_COURT_FILING_RIGHTS_REVIEW","B085-B086;B104-B105;GFX-013","Use title/date/docket and verified dismissal language in editor-native treatment; literal filing crop requires separate fair-use/provenance review.","EDITOR_RECREATE_SPEC_READY"
