beat_id,section,start,end,frame_type,template_id,template_variant,secondary_template_id,primary_live_asset,secondary_live_assets,factual_source_ids,claim_ids,needs_gfx,gfx_ids,subtitle_safe_zone,caption_collision_rule,short_ids,shorts_9x16_strategy,production_note
B001,S01,0.000,5.400,map,T05,GEOGRAPHY_CONTEXT,,NATICK_CENTER_2020_CC_BY_SA.jpg,SOUTH_NATICK_BACON_LIBRARY_CC0.jpg;S009_D711_SUMMARY_JUDGMENT_ORDER.pdf,S001;S009,C010,NO,,BOTTOM_20_PERCENT_16x9_Y864_1080,NO_KEY_TEXT_FACE_EVIDENCE_OR_LEGAL_NOTE_BELOW_Y864,SH01,ALT_9x16_LAYOUT_FROM_SAME_ASSETS_KEEP_BOTTOM_22_PERCENT_CLEAR,Use real geography/location source. No victim address. Any GPS route is contextual only; attempted tracker must never appear successfully installed.
B002,S01,6.340,7.000,evidence,T01,PHYSICAL_EVIDENCE,,DOJ_FBI_PIG_MASK_AND_BOOK.jpg,COCKROACH_CC0.jpg;SPIDER_CC0.jpg;LARVAE_CC0.jpg,S001;S009;S012,C010,NO,,BOTTOM_20_PERCENT_16x9_Y864_1080,NO_KEY_TEXT_FACE_EVIDENCE_OR_LEGAL_NOTE_BELOW_Y864,SH01,ALT_9x16_LAYOUT_FROM_SAME_ASSETS_KEEP_BOTTOM_22_PERCENT_CLEAR,Authentic/real context first; never let shock treatment become horror. Source label above subtitle-safe line.
B003,S01,7.760,8.660,evidence,T01,MESSAGE_OR_HARASSMENT_EVIDENCE,,DC006_DELIVERIES_GPS_ATTEMPT.png,DC007_GPS_GARAGE_ATTEMPT.png;GENERIC_GPS_TRACKER_CC0.jpg;NATURAL_EARTH_50M_US_STATES.zip,S001;S009;S012,C010,NO,,BOTTOM_20_PERCENT_16x9_Y864_1080,NO_KEY_TEXT_FACE_EVIDENCE_OR_LEGAL_NOTE_BELOW_Y864,SH01,ALT_9x16_LAYOUT_FROM_SAME_ASSETS_KEEP_BOTTOM_22_PERCENT_CLEAR,Authentic/real context first; never let shock treatment become horror. Source label above subtitle-safe line.
B004,S01,9.480,10.480,evidence,T01,AUTHENTIC_SHOCK_EVIDENCE,,DOJ_FBI_PIG_MASK_AND_BOOK.jpg,COCKROACH_CC0.jpg;SPIDER_CC0.jpg;LARVAE_CC0.jpg,S001;S009;S012,C010,NO,,BOTTOM_20_PERCENT_16x9_Y864_1080,NO_KEY_TEXT_FACE_EVIDENCE_OR_LEGAL_NOTE_BELOW_Y864,SH01,ALT_9x16_LAYOUT_FROM_SAME_ASSETS_KEEP_BOTTOM_22_PERCENT_CLEAR,Authentic/real context first; never let shock treatment become horror. Source label above subtitle-safe line.
B005,S01,11.160,21.760,map,T05,GEOGRAPHY_CONTEXT,,NATURAL_EARTH_50M_US_STATES.zip,DC006_DELIVERIES_GPS_ATTEMPT.png;DC007_GPS_GARAGE_ATTEMPT.png;GENERIC_GPS_TRACKER_CC0.jpg,S009;S001,C012,YES,GFX-004;GFX-014,BOTTOM_20_PERCENT_16x9_Y864_1080,NO_KEY_TEXT_FACE_EVIDENCE_OR_LEGAL_NOTE_BELOW_Y864,SH01,ALT_9x16_LAYOUT_FROM_SAME_ASSETS_KEEP_BOTTOM_22_PERCENT_CLEAR,Use real geography/location source. No victim address. Any GPS route is contextual only; attempted tracker must never appear successfully installed.
B006,S01,22.300,29.240,corporate/location,T05,CORPORATE_OR_LOCATION_ESTABLISHING,,EBAY_HQ_2018_CC_BY_SA.jpg,LIVE_EBAY_HQ_COMMUNITY_BUILDING_2006_CC_BY_SA.jpg;LIVE_SAN_JOSE_SKYLINE_CC_BY.jpg,S001;S009,C002,NO,,BOTTOM_20_PERCENT_16x9_Y864_1080,NO_KEY_TEXT_FACE_EVIDENCE_OR_LEGAL_NOTE_BELOW_Y864,SH01,ALT_9x16_LAYOUT_FROM_SAME_ASSETS_KEEP_BOTTOM_22_PERCENT_CLEAR,Use real geography/location source. No victim address. Any GPS route is contextual only; attempted tracker must never appear successfully installed.
B007,S01,30.120,36.640,dossier,T07,PARTICIPANTS_ACCOUNTABILITY_BOARD,T03,DC011_SEVEN_GUILTY_DOJ.png,S004_DOJ_FINAL_DEFENDANT_PAGE.pdf,S004,C016,YES,GFX-001;GFX-005,BOTTOM_20_PERCENT_16x9_Y864_1080,NO_KEY_TEXT_FACE_EVIDENCE_OR_LEGAL_NOTE_BELOW_Y864,SH01,ALT_9x16_LAYOUT_FROM_SAME_ASSETS_KEEP_BOTTOM_22_PERCENT_CLEAR,Use DOJ/court-backed names/statuses/sentences. Do not use unsourced portraits; guilty pleas and sentences must remain person-specific.
B008,S01,37.380,52.660,timeline,T06,OPERATION_OR_CASE_TIMELINE,T04,S002_EBAY_DEFERRED_PROSECUTION_AGREEMENT.pdf,DC015_DPA_CRIMINAL_PENALTY.png;DC016_DPA_COMPLIANCE_MONITOR.png,S001;S002;S003;S012,C019,YES,GFX-001;GFX-006,BOTTOM_20_PERCENT_16x9_Y864_1080,NO_KEY_TEXT_FACE_EVIDENCE_OR_LEGAL_NOTE_BELOW_Y864,SH01,ALT_9x16_LAYOUT_FROM_SAME_ASSETS_KEEP_BOTTOM_22_PERCENT_CLEAR,3–5 events maximum per frame; date spine and causal flow above subtitle-safe band. Do not cram the entire case into one screen.
B009,S01,53.280,61.640,money,T04,PENALTY_OR_COST,,S020_D986_STIPULATION_DISMISSAL.pdf,S013_EBAY_2026_SETTLEMENT_STATEMENT_REFERENCE.html,S014;S017;S018;S013,C028,YES,GFX-001;GFX-008,BOTTOM_20_PERCENT_16x9_Y864_1080,NO_KEY_TEXT_FACE_EVIDENCE_OR_LEGAL_NOTE_BELOW_Y864,SH01,ALT_9x16_LAYOUT_FROM_SAME_ASSETS_KEEP_BOTTOM_22_PERCENT_CLEAR,All material numbers are editor-native and source-bound. Keep $3M DPA separate from $55.7M civil package; settlement is not a judgment.
B010,S01,61.640,73.980,timeline,T06,OPERATION_OR_CASE_TIMELINE,,NATICK_CENTER_2020_CC_BY_SA.jpg,SOUTH_NATICK_BACON_LIBRARY_CC0.jpg;S009_D711_SUMMARY_JUDGMENT_ORDER.pdf,S009;S001,C003,YES,,BOTTOM_20_PERCENT_16x9_Y864_1080,NO_KEY_TEXT_FACE_EVIDENCE_OR_LEGAL_NOTE_BELOW_Y864,,REFRAME_OK_IF_KEY_CONTENT_STAYS_IN_UPPER_CENTER_SAFE,3–5 events maximum per frame; date spine and causal flow above subtitle-safe band. Do not cram the entire case into one screen.
B011,S02,74.680,82.100,corporate/location,T05,CORPORATE_OR_LOCATION_ESTABLISHING,,EBAY_HQ_2018_CC_BY_SA.jpg,S003_EBAY_CRIMINAL_INFORMATION.pdf;DC018_CIVIL_COMPLAINT_COVER.png,S009,C001,NO,,BOTTOM_20_PERCENT_16x9_Y864_1080,NO_KEY_TEXT_FACE_EVIDENCE_OR_LEGAL_NOTE_BELOW_Y864,,REFRAME_OK_IF_KEY_CONTENT_STAYS_IN_UPPER_CENTER_SAFE,Use real geography/location source. No victim address. Any GPS route is contextual only; attempted tracker must never appear successfully installed.
B012,S02,82.920,89.480,corporate/location,T05,CORPORATE_OR_LOCATION_ESTABLISHING,,EBAY_HQ_2018_CC_BY_SA.jpg,S003_EBAY_CRIMINAL_INFORMATION.pdf;DC018_CIVIL_COMPLAINT_COVER.png,S009,C001,NO,,BOTTOM_20_PERCENT_16x9_Y864_1080,NO_KEY_TEXT_FACE_EVIDENCE_OR_LEGAL_NOTE_BELOW_Y864,,REFRAME_OK_IF_KEY_CONTENT_STAYS_IN_UPPER_CENTER_SAFE,Use real geography/location source. No victim address. Any GPS route is contextual only; attempted tracker must never appear successfully installed.
B013,S02,90.120,99.720,corporate/location,T05,CORPORATE_OR_LOCATION_ESTABLISHING,,EBAY_HQ_2018_CC_BY_SA.jpg,S003_EBAY_CRIMINAL_INFORMATION.pdf;DC018_CIVIL_COMPLAINT_COVER.png,S009,C001,NO,,BOTTOM_20_PERCENT_16x9_Y864_1080,NO_KEY_TEXT_FACE_EVIDENCE_OR_LEGAL_NOTE_BELOW_Y864,,REFRAME_OK_IF_KEY_CONTENT_STAYS_IN_UPPER_CENTER_SAFE,Use real geography/location source. No victim address. Any GPS route is contextual only; attempted tracker must never appear successfully installed.
B014,S02,100.540,110.020,court-doc,T03,COURT_ORDER_OR_LEGAL_CLARIFIER,,DC018_CIVIL_COMPLAINT_COVER.png,S003_EBAY_CRIMINAL_INFORMATION.pdf;EBAY_HQ_2018_CC_BY_SA.jpg,S009,C003,YES,GFX-002,BOTTOM_20_PERCENT_16x9_Y864_1080,NO_KEY_TEXT_FACE_EVIDENCE_OR_LEGAL_NOTE_BELOW_Y864,,REFRAME_OK_IF_KEY_CONTENT_STAYS_IN_UPPER_CENTER_SAFE,"Use the real crop or source document. Editor headline may summarize, but the document itself may not be fabricated or rewritten."
B015,S02,110.440,119.260,corporate/location,T05,CORPORATE_OR_LOCATION_ESTABLISHING,,EBAY_HQ_2018_CC_BY_SA.jpg,S003_EBAY_CRIMINAL_INFORMATION.pdf;DC018_CIVIL_COMPLAINT_COVER.png,S009,C001,NO,,BOTTOM_20_PERCENT_16x9_Y864_1080,NO_KEY_TEXT_FACE_EVIDENCE_OR_LEGAL_NOTE_BELOW_Y864,,REFRAME_OK_IF_KEY_CONTENT_STAYS_IN_UPPER_CENTER_SAFE,Use real geography/location source. No victim address. Any GPS route is contextual only; attempted tracker must never appear successfully installed.
B016,S02,119.920,130.260,corporate/location,T05,CORPORATE_OR_LOCATION_ESTABLISHING,,EBAY_HQ_2018_CC_BY_SA.jpg,S003_EBAY_CRIMINAL_INFORMATION.pdf;DC018_CIVIL_COMPLAINT_COVER.png,S009,C003,NO,,BOTTOM_20_PERCENT_16x9_Y864_1080,NO_KEY_TEXT_FACE_EVIDENCE_OR_LEGAL_NOTE_BELOW_Y864,,REFRAME_OK_IF_KEY_CONTENT_STAYS_IN_UPPER_CENTER_SAFE,Use real geography/location source. No victim address. Any GPS route is contextual only; attempted tracker must never appear successfully installed.
B017,S03,131.060,143.460,court-doc,T03,QUOTE_HIGHLIGHT,,DC001_CRUSH_THIS_LADY.png,,S009,C004,YES,GFX-002;GFX-003,BOTTOM_20_PERCENT_16x9_Y864_1080,NO_KEY_TEXT_FACE_EVIDENCE_OR_LEGAL_NOTE_BELOW_Y864,SH02,ALT_9x16_LAYOUT_FROM_SAME_ASSETS_KEEP_BOTTOM_22_PERCENT_CLEAR,"Use the real crop or source document. Editor headline may summarize, but the document itself may not be fabricated or rewritten."
B018,S03,144.140,146.920,court-doc,T03,QUOTE_HIGHLIGHT,,DC001_CRUSH_THIS_LADY.png,,S009,C004,YES,GFX-002;GFX-003,BOTTOM_20_PERCENT_16x9_Y864_1080,NO_KEY_TEXT_FACE_EVIDENCE_OR_LEGAL_NOTE_BELOW_Y864,SH02,ALT_9x16_LAYOUT_FROM_SAME_ASSETS_KEEP_BOTTOM_22_PERCENT_CLEAR,"Use the real crop or source document. Editor headline may summarize, but the document itself may not be fabricated or rewritten."
B019,S03,147.600,152.740,court-doc,T03,QUOTE_HIGHLIGHT,,DC003_TAKE_HER_DOWN.png,,S009,C005,YES,GFX-002;GFX-003,BOTTOM_20_PERCENT_16x9_Y864_1080,NO_KEY_TEXT_FACE_EVIDENCE_OR_LEGAL_NOTE_BELOW_Y864,SH02,ALT_9x16_LAYOUT_FROM_SAME_ASSETS_KEEP_BOTTOM_22_PERCENT_CLEAR,"Use the real crop or source document. Editor headline may summarize, but the document itself may not be fabricated or rewritten."
B020,S03,153.580,159.860,court-doc,T03,QUOTE_HIGHLIGHT,,DC004_NOW_IS_THE_TIME.png,,S009,C005,YES,GFX-002;GFX-003,BOTTOM_20_PERCENT_16x9_Y864_1080,NO_KEY_TEXT_FACE_EVIDENCE_OR_LEGAL_NOTE_BELOW_Y864,SH02,ALT_9x16_LAYOUT_FROM_SAME_ASSETS_KEEP_BOTTOM_22_PERCENT_CLEAR,"Use the real crop or source document. Editor headline may summarize, but the document itself may not be fabricated or rewritten."
B021,S03,160.680,168.060,dossier,T02,EXECUTIVE_CHAIN_DOSSIER,,S009_D711_SUMMARY_JUDGMENT_ORDER.pdf,OFFICE_INTERIOR_CC0.jpg,S009,C005;C022,YES,GFX-012,BOTTOM_20_PERCENT_16x9_Y864_1080,NO_KEY_TEXT_FACE_EVIDENCE_OR_LEGAL_NOTE_BELOW_Y864,SH02,ALT_9x16_LAYOUT_FROM_SAME_ASSETS_KEEP_BOTTOM_22_PERCENT_CLEAR,Use licensed real portrait when available; otherwise document-forward dossier. No generated likeness. State civil/criminal status precisely.
B022,S03,168.740,179.680,dossier,T02,EXECUTIVE_CHAIN_DOSSIER,,DC008_WENIG_NO_DIRECT_BAUGH.png,,S009,C022,YES,GFX-003;GFX-007,BOTTOM_20_PERCENT_16x9_Y864_1080,NO_KEY_TEXT_FACE_EVIDENCE_OR_LEGAL_NOTE_BELOW_Y864,,REFRAME_OK_IF_KEY_CONTENT_STAYS_IN_UPPER_CENTER_SAFE,Use licensed real portrait when available; otherwise document-forward dossier. No generated likeness. State civil/criminal status precisely.
B023,S03,180.260,189.800,court-doc,T03,QUOTE_HIGHLIGHT,,S009_D711_SUMMARY_JUDGMENT_ORDER.pdf,OFFICE_INTERIOR_CC0.jpg,S009,C008,YES,GFX-003,BOTTOM_20_PERCENT_16x9_Y864_1080,NO_KEY_TEXT_FACE_EVIDENCE_OR_LEGAL_NOTE_BELOW_Y864,,REFRAME_OK_IF_KEY_CONTENT_STAYS_IN_UPPER_CENTER_SAFE,"Use the real crop or source document. Editor headline may summarize, but the document itself may not be fabricated or rewritten."
B024,S03,190.560,194.220,dossier,T02,EXECUTIVE_CHAIN_DOSSIER,,S009_D711_SUMMARY_JUDGMENT_ORDER.pdf,OFFICE_INTERIOR_CC0.jpg,S009,C003,YES,,BOTTOM_20_PERCENT_16x9_Y864_1080,NO_KEY_TEXT_FACE_EVIDENCE_OR_LEGAL_NOTE_BELOW_Y864,,REFRAME_OK_IF_KEY_CONTENT_STAYS_IN_UPPER_CENTER_SAFE,Use licensed real portrait when available; otherwise document-forward dossier. No generated likeness. State civil/criminal status precisely.
B025,S03,194.950,204.200,dossier,T02,EXECUTIVE_CHAIN_DOSSIER,,DC002_OFF_THE_RADAR.png,,S009,C006,YES,GFX-003,BOTTOM_20_PERCENT_16x9_Y864_1080,NO_KEY_TEXT_FACE_EVIDENCE_OR_LEGAL_NOTE_BELOW_Y864,,REFRAME_OK_IF_KEY_CONTENT_STAYS_IN_UPPER_CENTER_SAFE,Use licensed real portrait when available; otherwise document-forward dossier. No generated likeness. State civil/criminal status precisely.
B026,S03,205.240,216.120,dossier,T02,EXECUTIVE_CHAIN_DOSSIER,,S009_D711_SUMMARY_JUDGMENT_ORDER.pdf,OFFICE_INTERIOR_CC0.jpg,S009,C006,YES,GFX-012,BOTTOM_20_PERCENT_16x9_Y864_1080,NO_KEY_TEXT_FACE_EVIDENCE_OR_LEGAL_NOTE_BELOW_Y864,,REFRAME_OK_IF_KEY_CONTENT_STAYS_IN_UPPER_CENTER_SAFE,Use licensed real portrait when available; otherwise document-forward dossier. No generated likeness. State civil/criminal status precisely.
B027,S03,216.740,218.300,dossier,T02,EXECUTIVE_CHAIN_DOSSIER,,S009_D711_SUMMARY_JUDGMENT_ORDER.pdf,OFFICE_INTERIOR_CC0.jpg,S009,C002;C003,YES,,BOTTOM_20_PERCENT_16x9_Y864_1080,NO_KEY_TEXT_FACE_EVIDENCE_OR_LEGAL_NOTE_BELOW_Y864,,REFRAME_OK_IF_KEY_CONTENT_STAYS_IN_UPPER_CENTER_SAFE,Use licensed real portrait when available; otherwise document-forward dossier. No generated likeness. State civil/criminal status precisely.
B028,S04,219.200,226.140,map,T05,GEOGRAPHY_CONTEXT,,NATICK_CENTER_2020_CC_BY_SA.jpg,DC005_FIDOMASTER_JUNE8.png;MASSACHUSETTS_FENCE_CC0.jpg;NATURAL_EARTH_50M_US_STATES.zip,S009,C007,YES,GFX-004,BOTTOM_20_PERCENT_16x9_Y864_1080,NO_KEY_TEXT_FACE_EVIDENCE_OR_LEGAL_NOTE_BELOW_Y864,SH03,ALT_9x16_LAYOUT_FROM_SAME_ASSETS_KEEP_BOTTOM_22_PERCENT_CLEAR,Use real geography/location source. No victim address. Any GPS route is contextual only; attempted tracker must never appear successfully installed.
B029,S04,227.160,241.820,map,T05,GEOGRAPHY_CONTEXT,,NATICK_CENTER_2020_CC_BY_SA.jpg,DC005_FIDOMASTER_JUNE8.png;MASSACHUSETTS_FENCE_CC0.jpg;NATURAL_EARTH_50M_US_STATES.zip,S009,C007,YES,GFX-004,BOTTOM_20_PERCENT_16x9_Y864_1080,NO_KEY_TEXT_FACE_EVIDENCE_OR_LEGAL_NOTE_BELOW_Y864,SH03,ALT_9x16_LAYOUT_FROM_SAME_ASSETS_KEEP_BOTTOM_22_PERCENT_CLEAR,Use real geography/location source. No victim address. Any GPS route is contextual only; attempted tracker must never appear successfully installed.
B030,S04,242.560,252.480,court-doc,T03,QUOTE_HIGHLIGHT,,DC005_FIDOMASTER_JUNE8.png,MASSACHUSETTS_FENCE_CC0.jpg;NATICK_CENTER_2020_CC_BY_SA.jpg;NATURAL_EARTH_50M_US_STATES.zip,S009,C007,YES,GFX-003,BOTTOM_20_PERCENT_16x9_Y864_1080,NO_KEY_TEXT_FACE_EVIDENCE_OR_LEGAL_NOTE_BELOW_Y864,SH03,ALT_9x16_LAYOUT_FROM_SAME_ASSETS_KEEP_BOTTOM_22_PERCENT_CLEAR,"Use the real crop or source document. Editor headline may summarize, but the document itself may not be fabricated or rewritten."
B031,S04,253.440,262.820,timeline,T06,OPERATION_OR_CASE_TIMELINE,,DC005_FIDOMASTER_JUNE8.png,MASSACHUSETTS_FENCE_CC0.jpg;NATICK_CENTER_2020_CC_BY_SA.jpg;NATURAL_EARTH_50M_US_STATES.zip,S009,C003;C008;C009,YES,,BOTTOM_20_PERCENT_16x9_Y864_1080,NO_KEY_TEXT_FACE_EVIDENCE_OR_LEGAL_NOTE_BELOW_Y864,SH03,ALT_9x16_LAYOUT_FROM_SAME_ASSETS_KEEP_BOTTOM_22_PERCENT_CLEAR,3–5 events maximum per frame; date spine and causal flow above subtitle-safe band. Do not cram the entire case into one screen.
B032,S04,263.740,273.040,timeline,T06,OPERATION_OR_CASE_TIMELINE,,DC005_FIDOMASTER_JUNE8.png,MASSACHUSETTS_FENCE_CC0.jpg;NATICK_CENTER_2020_CC_BY_SA.jpg;NATURAL_EARTH_50M_US_STATES.zip,S009;S001;S002,C009,YES,GFX-002,BOTTOM_20_PERCENT_16x9_Y864_1080,NO_KEY_TEXT_FACE_EVIDENCE_OR_LEGAL_NOTE_BELOW_Y864,,REFRAME_OK_IF_KEY_CONTENT_STAYS_IN_UPPER_CENTER_SAFE,3–5 events maximum per frame; date spine and causal flow above subtitle-safe band. Do not cram the entire case into one screen.
B033,S04,273.860,283.080,timeline,T06,OPERATION_OR_CASE_TIMELINE,,DC005_FIDOMASTER_JUNE8.png,MASSACHUSETTS_FENCE_CC0.jpg;NATICK_CENTER_2020_CC_BY_SA.jpg;NATURAL_EARTH_50M_US_STATES.zip,S009;S001,C009,YES,GFX-002,BOTTOM_20_PERCENT_16x9_Y864_1080,NO_KEY_TEXT_FACE_EVIDENCE_OR_LEGAL_NOTE_BELOW_Y864,,REFRAME_OK_IF_KEY_CONTENT_STAYS_IN_UPPER_CENTER_SAFE,3–5 events maximum per frame; date spine and causal flow above subtitle-safe band. Do not cram the entire case into one screen.
B034,S05,284.180,293.200,evidence,T01,AUTHENTIC_SHOCK_EVIDENCE,,DOJ_FBI_PIG_MASK_AND_BOOK.jpg,COCKROACH_CC0.jpg;SPIDER_CC0.jpg;LARVAE_CC0.jpg;PARCEL_CC0.webp;FUNERAL_WREATH_CC0.jpg;DC021_CRAIGSLIST_HARASSMENT.png;DC022_THREATENING_MESSAGES.png;DC007_GPS_GARAGE_ATTEMPT.png;GENERIC_GPS_TRACKER_CC0.jpg,S001;S009;S012,C010,NO,,BOTTOM_20_PERCENT_16x9_Y864_1080,NO_KEY_TEXT_FACE_EVIDENCE_OR_LEGAL_NOTE_BELOW_Y864,,REFRAME_OK_IF_KEY_CONTENT_STAYS_IN_UPPER_CENTER_SAFE,Authentic/real context first; never let shock treatment become horror. Source label above subtitle-safe line.
B035,S05,294.220,300.920,evidence,T01,MESSAGE_OR_HARASSMENT_EVIDENCE,,DOJ_FBI_PIG_MASK_AND_BOOK.jpg,COCKROACH_CC0.jpg;SPIDER_CC0.jpg;LARVAE_CC0.jpg;PARCEL_CC0.webp;FUNERAL_WREATH_CC0.jpg;DC021_CRAIGSLIST_HARASSMENT.png;DC022_THREATENING_MESSAGES.png;DC007_GPS_GARAGE_ATTEMPT.png;GENERIC_GPS_TRACKER_CC0.jpg,S001;S009,C011,NO,,BOTTOM_20_PERCENT_16x9_Y864_1080,NO_KEY_TEXT_FACE_EVIDENCE_OR_LEGAL_NOTE_BELOW_Y864,,REFRAME_OK_IF_KEY_CONTENT_STAYS_IN_UPPER_CENTER_SAFE,Authentic/real context first; never let shock treatment become horror. Source label above subtitle-safe line.
B036,S05,301.780,308.420,timeline,T06,OPERATION_OR_CASE_TIMELINE,,DOJ_FBI_PIG_MASK_AND_BOOK.jpg,COCKROACH_CC0.jpg;SPIDER_CC0.jpg;LARVAE_CC0.jpg;PARCEL_CC0.webp;FUNERAL_WREATH_CC0.jpg;DC021_CRAIGSLIST_HARASSMENT.png;DC022_THREATENING_MESSAGES.png;DC007_GPS_GARAGE_ATTEMPT.png;GENERIC_GPS_TRACKER_CC0.jpg,S001;S009,C010;C011,YES,,BOTTOM_20_PERCENT_16x9_Y864_1080,NO_KEY_TEXT_FACE_EVIDENCE_OR_LEGAL_NOTE_BELOW_Y864,,REFRAME_OK_IF_KEY_CONTENT_STAYS_IN_UPPER_CENTER_SAFE,3–5 events maximum per frame; date spine and causal flow above subtitle-safe band. Do not cram the entire case into one screen.
B037,S05,309.400,318.820,timeline,T06,OPERATION_OR_CASE_TIMELINE,,DOJ_FBI_PIG_MASK_AND_BOOK.jpg,COCKROACH_CC0.jpg;SPIDER_CC0.jpg;LARVAE_CC0.jpg;PARCEL_CC0.webp;FUNERAL_WREATH_CC0.jpg;DC021_CRAIGSLIST_HARASSMENT.png;DC022_THREATENING_MESSAGES.png;DC007_GPS_GARAGE_ATTEMPT.png;GENERIC_GPS_TRACKER_CC0.jpg,S009;S001,C009;C010;C011,YES,,BOTTOM_20_PERCENT_16x9_Y864_1080,NO_KEY_TEXT_FACE_EVIDENCE_OR_LEGAL_NOTE_BELOW_Y864,,REFRAME_OK_IF_KEY_CONTENT_STAYS_IN_UPPER_CENTER_SAFE,3–5 events maximum per frame; date spine and causal flow above subtitle-safe band. Do not cram the entire case into one screen.
B038,S05,319.880,328.140,map,T05,OPERATION_GEOGRAPHY,T06,DOJ_FBI_PIG_MASK_AND_BOOK.jpg,COCKROACH_CC0.jpg;SPIDER_CC0.jpg;LARVAE_CC0.jpg;PARCEL_CC0.webp;FUNERAL_WREATH_CC0.jpg;DC021_CRAIGSLIST_HARASSMENT.png;DC022_THREATENING_MESSAGES.png;DC007_GPS_GARAGE_ATTEMPT.png;GENERIC_GPS_TRACKER_CC0.jpg,S009,C012,YES,GFX-002;GFX-004,BOTTOM_20_PERCENT_16x9_Y864_1080,NO_KEY_TEXT_FACE_EVIDENCE_OR_LEGAL_NOTE_BELOW_Y864,SH04,ALT_9x16_LAYOUT_FROM_SAME_ASSETS_KEEP_BOTTOM_22_PERCENT_CLEAR,Use real geography/location source. No victim address. Any GPS route is contextual only; attempted tracker must never appear successfully installed.
B039,S05,328.940,337.480,map,T05,OPERATION_GEOGRAPHY,T06,DOJ_FBI_PIG_MASK_AND_BOOK.jpg,COCKROACH_CC0.jpg;SPIDER_CC0.jpg;LARVAE_CC0.jpg;PARCEL_CC0.webp;FUNERAL_WREATH_CC0.jpg;DC021_CRAIGSLIST_HARASSMENT.png;DC022_THREATENING_MESSAGES.png;DC007_GPS_GARAGE_ATTEMPT.png;GENERIC_GPS_TRACKER_CC0.jpg,S009;S001;S005,C012,YES,GFX-004;GFX-014,BOTTOM_20_PERCENT_16x9_Y864_1080,NO_KEY_TEXT_FACE_EVIDENCE_OR_LEGAL_NOTE_BELOW_Y864,SH04,ALT_9x16_LAYOUT_FROM_SAME_ASSETS_KEEP_BOTTOM_22_PERCENT_CLEAR,Use real geography/location source. No victim address. Any GPS route is contextual only; attempted tracker must never appear successfully installed.
B040,S05,338.340,349.320,map,T05,OPERATION_GEOGRAPHY,T06,DOJ_FBI_PIG_MASK_AND_BOOK.jpg,COCKROACH_CC0.jpg;SPIDER_CC0.jpg;LARVAE_CC0.jpg;PARCEL_CC0.webp;FUNERAL_WREATH_CC0.jpg;DC021_CRAIGSLIST_HARASSMENT.png;DC022_THREATENING_MESSAGES.png;DC007_GPS_GARAGE_ATTEMPT.png;GENERIC_GPS_TRACKER_CC0.jpg,S009,C012,YES,GFX-014,BOTTOM_20_PERCENT_16x9_Y864_1080,NO_KEY_TEXT_FACE_EVIDENCE_OR_LEGAL_NOTE_BELOW_Y864,SH04,ALT_9x16_LAYOUT_FROM_SAME_ASSETS_KEEP_BOTTOM_22_PERCENT_CLEAR,Use real geography/location source. No victim address. Any GPS route is contextual only; attempted tracker must never appear successfully installed.
B041,S05,350.380,355.800,map,T05,OPERATION_GEOGRAPHY,T06,DOJ_FBI_PIG_MASK_AND_BOOK.jpg,COCKROACH_CC0.jpg;SPIDER_CC0.jpg;LARVAE_CC0.jpg;PARCEL_CC0.webp;FUNERAL_WREATH_CC0.jpg;DC021_CRAIGSLIST_HARASSMENT.png;DC022_THREATENING_MESSAGES.png;DC007_GPS_GARAGE_ATTEMPT.png;GENERIC_GPS_TRACKER_CC0.jpg,S009,C013,YES,GFX-004,BOTTOM_20_PERCENT_16x9_Y864_1080,NO_KEY_TEXT_FACE_EVIDENCE_OR_LEGAL_NOTE_BELOW_Y864,SH04,ALT_9x16_LAYOUT_FROM_SAME_ASSETS_KEEP_BOTTOM_22_PERCENT_CLEAR,Use real geography/location source. No victim address. Any GPS route is contextual only; attempted tracker must never appear successfully installed.
B042,S06,356.860,366.060,map,T05,OPERATION_GEOGRAPHY,T06,NATICK_CENTER_2020_CC_BY_SA.jpg,DC023_OBSTRUCTION_DELETION.png;EBAY_HQ_2018_CC_BY_SA.jpg;S001_DOJ_CASE_PAGE.html,S009;S001,C013,YES,GFX-002;GFX-004,BOTTOM_20_PERCENT_16x9_Y864_1080,NO_KEY_TEXT_FACE_EVIDENCE_OR_LEGAL_NOTE_BELOW_Y864,,REFRAME_OK_IF_KEY_CONTENT_STAYS_IN_UPPER_CENTER_SAFE,Use real geography/location source. No victim address. Any GPS route is contextual only; attempted tracker must never appear successfully installed.
B043,S06,366.980,374.300,timeline,T06,OPERATION_OR_CASE_TIMELINE,,DC023_OBSTRUCTION_DELETION.png,NATICK_CENTER_2020_CC_BY_SA.jpg;EBAY_HQ_2018_CC_BY_SA.jpg;S001_DOJ_CASE_PAGE.html,S001;S002;S003,C014,YES,,BOTTOM_20_PERCENT_16x9_Y864_1080,NO_KEY_TEXT_FACE_EVIDENCE_OR_LEGAL_NOTE_BELOW_Y864,,REFRAME_OK_IF_KEY_CONTENT_STAYS_IN_UPPER_CENTER_SAFE,3–5 events maximum per frame; date spine and causal flow above subtitle-safe band. Do not cram the entire case into one screen.
B044,S06,375.480,384.240,court-doc,T03,COURT_ORDER_OR_LEGAL_CLARIFIER,,DC023_OBSTRUCTION_DELETION.png,NATICK_CENTER_2020_CC_BY_SA.jpg;EBAY_HQ_2018_CC_BY_SA.jpg;S001_DOJ_CASE_PAGE.html,S001;S002;S003,C014,NO,,BOTTOM_20_PERCENT_16x9_Y864_1080,NO_KEY_TEXT_FACE_EVIDENCE_OR_LEGAL_NOTE_BELOW_Y864,,REFRAME_OK_IF_KEY_CONTENT_STAYS_IN_UPPER_CENTER_SAFE,"Use the real crop or source document. Editor headline may summarize, but the document itself may not be fabricated or rewritten."
B045,S06,385.280,394.160,timeline,T06,OPERATION_OR_CASE_TIMELINE,,DC023_OBSTRUCTION_DELETION.png,NATICK_CENTER_2020_CC_BY_SA.jpg;EBAY_HQ_2018_CC_BY_SA.jpg;S001_DOJ_CASE_PAGE.html,S001;S002;S003,C014,YES,,BOTTOM_20_PERCENT_16x9_Y864_1080,NO_KEY_TEXT_FACE_EVIDENCE_OR_LEGAL_NOTE_BELOW_Y864,,REFRAME_OK_IF_KEY_CONTENT_STAYS_IN_UPPER_CENTER_SAFE,3–5 events maximum per frame; date spine and causal flow above subtitle-safe band. Do not cram the entire case into one screen.
B046,S06,395.020,410.060,corporate/location,T05,CORPORATE_OR_LOCATION_ESTABLISHING,,NATICK_CENTER_2020_CC_BY_SA.jpg,DC023_OBSTRUCTION_DELETION.png;EBAY_HQ_2018_CC_BY_SA.jpg;S001_DOJ_CASE_PAGE.html,S009;S012,C015,YES,GFX-002,BOTTOM_20_PERCENT_16x9_Y864_1080,NO_KEY_TEXT_FACE_EVIDENCE_OR_LEGAL_NOTE_BELOW_Y864,,REFRAME_OK_IF_KEY_CONTENT_STAYS_IN_UPPER_CENTER_SAFE,Use real geography/location source. No victim address. Any GPS route is contextual only; attempted tracker must never appear successfully installed.
B047,S06,410.900,415.800,court-doc,T03,COURT_ORDER_OR_LEGAL_CLARIFIER,,DC023_OBSTRUCTION_DELETION.png,NATICK_CENTER_2020_CC_BY_SA.jpg;EBAY_HQ_2018_CC_BY_SA.jpg;S001_DOJ_CASE_PAGE.html,S001;S004,C014,NO,,BOTTOM_20_PERCENT_16x9_Y864_1080,NO_KEY_TEXT_FACE_EVIDENCE_OR_LEGAL_NOTE_BELOW_Y864,,REFRAME_OK_IF_KEY_CONTENT_STAYS_IN_UPPER_CENTER_SAFE,"Use the real crop or source document. Editor headline may summarize, but the document itself may not be fabricated or rewritten."
B048,S07,416.540,422.360,dossier,T07,PARTICIPANTS_ACCOUNTABILITY_BOARD,,S004_DOJ_FINAL_DEFENDANT_PAGE.pdf,S005_DOJ_BAUGH_HARVILLE_SENTENCING_PAGE.pdf;S006_DOJ_POPP_STOCKWELL_SENTENCING_PAGE.pdf;S007_DOJ_ZEA_SENTENCING_PAGE.pdf;S008_DOJ_COOKE_SENTENCING_PAGE.pdf,S004;S005;S006;S007;S008,C016,YES,GFX-005,BOTTOM_20_PERCENT_16x9_Y864_1080,NO_KEY_TEXT_FACE_EVIDENCE_OR_LEGAL_NOTE_BELOW_Y864,SH05,ALT_9x16_LAYOUT_FROM_SAME_ASSETS_KEEP_BOTTOM_22_PERCENT_CLEAR,Use DOJ/court-backed names/statuses/sentences. Do not use unsourced portraits; guilty pleas and sentences must remain person-specific.
B049,S07,423.480,429.180,dossier,T07,PARTICIPANTS_ACCOUNTABILITY_BOARD,T03,S004_DOJ_FINAL_DEFENDANT_PAGE.pdf,S005_DOJ_BAUGH_HARVILLE_SENTENCING_PAGE.pdf;S006_DOJ_POPP_STOCKWELL_SENTENCING_PAGE.pdf;S007_DOJ_ZEA_SENTENCING_PAGE.pdf;S008_DOJ_COOKE_SENTENCING_PAGE.pdf,S004;S005;S006;S007;S008,C016,YES,GFX-005,BOTTOM_20_PERCENT_16x9_Y864_1080,NO_KEY_TEXT_FACE_EVIDENCE_OR_LEGAL_NOTE_BELOW_Y864,SH05,ALT_9x16_LAYOUT_FROM_SAME_ASSETS_KEEP_BOTTOM_22_PERCENT_CLEAR,Use DOJ/court-backed names/statuses/sentences. Do not use unsourced portraits; guilty pleas and sentences must remain person-specific.
B050,S07,430.420,439.600,dossier,T07,SENTENCE_DETAIL,T03,S004_DOJ_FINAL_DEFENDANT_PAGE.pdf,S005_DOJ_BAUGH_HARVILLE_SENTENCING_PAGE.pdf;S006_DOJ_POPP_STOCKWELL_SENTENCING_PAGE.pdf;S007_DOJ_ZEA_SENTENCING_PAGE.pdf;S008_DOJ_COOKE_SENTENCING_PAGE.pdf,S005,C016;C017,YES,GFX-005,BOTTOM_20_PERCENT_16x9_Y864_1080,NO_KEY_TEXT_FACE_EVIDENCE_OR_LEGAL_NOTE_BELOW_Y864,SH05,ALT_9x16_LAYOUT_FROM_SAME_ASSETS_KEEP_BOTTOM_22_PERCENT_CLEAR,Use DOJ/court-backed names/statuses/sentences. Do not use unsourced portraits; guilty pleas and sentences must remain person-specific.
B051,S07,440.920,449.880,dossier,T07,SENTENCE_DETAIL,T03,S004_DOJ_FINAL_DEFENDANT_PAGE.pdf,S005_DOJ_BAUGH_HARVILLE_SENTENCING_PAGE.pdf;S006_DOJ_POPP_STOCKWELL_SENTENCING_PAGE.pdf;S007_DOJ_ZEA_SENTENCING_PAGE.pdf;S008_DOJ_COOKE_SENTENCING_PAGE.pdf,S005;S006;S007;S008;S004,C017,YES,GFX-005,BOTTOM_20_PERCENT_16x9_Y864_1080,NO_KEY_TEXT_FACE_EVIDENCE_OR_LEGAL_NOTE_BELOW_Y864,SH05,ALT_9x16_LAYOUT_FROM_SAME_ASSETS_KEEP_BOTTOM_22_PERCENT_CLEAR,Use DOJ/court-backed names/statuses/sentences. Do not use unsourced portraits; guilty pleas and sentences must remain person-specific.
B052,S07,451.340,460.880,dossier,T07,PARTICIPANTS_ACCOUNTABILITY_BOARD,,S004_DOJ_FINAL_DEFENDANT_PAGE.pdf,S005_DOJ_BAUGH_HARVILLE_SENTENCING_PAGE.pdf;S006_DOJ_POPP_STOCKWELL_SENTENCING_PAGE.pdf;S007_DOJ_ZEA_SENTENCING_PAGE.pdf;S008_DOJ_COOKE_SENTENCING_PAGE.pdf,S004,C016,YES,,BOTTOM_20_PERCENT_16x9_Y864_1080,NO_KEY_TEXT_FACE_EVIDENCE_OR_LEGAL_NOTE_BELOW_Y864,SH05,ALT_9x16_LAYOUT_FROM_SAME_ASSETS_KEEP_BOTTOM_22_PERCENT_CLEAR,Use DOJ/court-backed names/statuses/sentences. Do not use unsourced portraits; guilty pleas and sentences must remain person-specific.
B053,S07,462.060,468.780,dossier,T07,PARTICIPANTS_ACCOUNTABILITY_BOARD,T03,S004_DOJ_FINAL_DEFENDANT_PAGE.pdf,S005_DOJ_BAUGH_HARVILLE_SENTENCING_PAGE.pdf;S006_DOJ_POPP_STOCKWELL_SENTENCING_PAGE.pdf;S007_DOJ_ZEA_SENTENCING_PAGE.pdf;S008_DOJ_COOKE_SENTENCING_PAGE.pdf,S004,C016,YES,GFX-005,BOTTOM_20_PERCENT_16x9_Y864_1080,NO_KEY_TEXT_FACE_EVIDENCE_OR_LEGAL_NOTE_BELOW_Y864,SH05,ALT_9x16_LAYOUT_FROM_SAME_ASSETS_KEEP_BOTTOM_22_PERCENT_CLEAR,Use DOJ/court-backed names/statuses/sentences. Do not use unsourced portraits; guilty pleas and sentences must remain person-specific.
B054,S07,469.980,476.000,dossier,T07,PARTICIPANTS_ACCOUNTABILITY_BOARD,,S004_DOJ_FINAL_DEFENDANT_PAGE.pdf,S005_DOJ_BAUGH_HARVILLE_SENTENCING_PAGE.pdf;S006_DOJ_POPP_STOCKWELL_SENTENCING_PAGE.pdf;S007_DOJ_ZEA_SENTENCING_PAGE.pdf;S008_DOJ_COOKE_SENTENCING_PAGE.pdf,S001;S003,C018,YES,GFX-006,BOTTOM_20_PERCENT_16x9_Y864_1080,NO_KEY_TEXT_FACE_EVIDENCE_OR_LEGAL_NOTE_BELOW_Y864,SH05,ALT_9x16_LAYOUT_FROM_SAME_ASSETS_KEEP_BOTTOM_22_PERCENT_CLEAR,Use DOJ/court-backed names/statuses/sentences. Do not use unsourced portraits; guilty pleas and sentences must remain person-specific.
B055,S08,477.340,483.160,court-doc,T03,DPA_LEGAL_DOCUMENT,,DC015_DPA_CRIMINAL_PENALTY.png,S002_EBAY_DEFERRED_PROSECUTION_AGREEMENT.pdf;DC016_DPA_COMPLIANCE_MONITOR.png;DC017_DPA_ACCEPTANCE_OF_RESPONSIBILITY.png;EBAY_HQ_2018_CC_BY_SA.jpg,S003;S001,C018,YES,GFX-006,BOTTOM_20_PERCENT_16x9_Y864_1080,NO_KEY_TEXT_FACE_EVIDENCE_OR_LEGAL_NOTE_BELOW_Y864,SH06,ALT_9x16_LAYOUT_FROM_SAME_ASSETS_KEEP_BOTTOM_22_PERCENT_CLEAR,"Use the real crop or source document. Editor headline may summarize, but the document itself may not be fabricated or rewritten."
B056,S08,484.200,495.500,court-doc,T03,DPA_LEGAL_DOCUMENT,,DC015_DPA_CRIMINAL_PENALTY.png,S002_EBAY_DEFERRED_PROSECUTION_AGREEMENT.pdf;DC016_DPA_COMPLIANCE_MONITOR.png;DC017_DPA_ACCEPTANCE_OF_RESPONSIBILITY.png;EBAY_HQ_2018_CC_BY_SA.jpg,S003,C018,YES,GFX-006,BOTTOM_20_PERCENT_16x9_Y864_1080,NO_KEY_TEXT_FACE_EVIDENCE_OR_LEGAL_NOTE_BELOW_Y864,SH06,ALT_9x16_LAYOUT_FROM_SAME_ASSETS_KEEP_BOTTOM_22_PERCENT_CLEAR,"Use the real crop or source document. Editor headline may summarize, but the document itself may not be fabricated or rewritten."
B057,S08,496.900,499.300,court-doc,T03,DPA_LEGAL_DOCUMENT,,DC015_DPA_CRIMINAL_PENALTY.png,S002_EBAY_DEFERRED_PROSECUTION_AGREEMENT.pdf;DC016_DPA_COMPLIANCE_MONITOR.png;DC017_DPA_ACCEPTANCE_OF_RESPONSIBILITY.png;EBAY_HQ_2018_CC_BY_SA.jpg,S002;S001,C019,YES,GFX-006;GFX-012,BOTTOM_20_PERCENT_16x9_Y864_1080,NO_KEY_TEXT_FACE_EVIDENCE_OR_LEGAL_NOTE_BELOW_Y864,SH06,ALT_9x16_LAYOUT_FROM_SAME_ASSETS_KEEP_BOTTOM_22_PERCENT_CLEAR,"Use the real crop or source document. Editor headline may summarize, but the document itself may not be fabricated or rewritten."
B058,S08,500.300,503.880,court-doc,T03,DPA_LEGAL_DOCUMENT,,DC015_DPA_CRIMINAL_PENALTY.png,S002_EBAY_DEFERRED_PROSECUTION_AGREEMENT.pdf;DC016_DPA_COMPLIANCE_MONITOR.png;DC017_DPA_ACCEPTANCE_OF_RESPONSIBILITY.png;EBAY_HQ_2018_CC_BY_SA.jpg,S002;S001,C019,YES,GFX-006,BOTTOM_20_PERCENT_16x9_Y864_1080,NO_KEY_TEXT_FACE_EVIDENCE_OR_LEGAL_NOTE_BELOW_Y864,SH06,ALT_9x16_LAYOUT_FROM_SAME_ASSETS_KEEP_BOTTOM_22_PERCENT_CLEAR,"Use the real crop or source document. Editor headline may summarize, but the document itself may not be fabricated or rewritten."
B059,S08,505.020,508.380,court-doc,T03,DPA_LEGAL_DOCUMENT,,DC015_DPA_CRIMINAL_PENALTY.png,S002_EBAY_DEFERRED_PROSECUTION_AGREEMENT.pdf;DC016_DPA_COMPLIANCE_MONITOR.png;DC017_DPA_ACCEPTANCE_OF_RESPONSIBILITY.png;EBAY_HQ_2018_CC_BY_SA.jpg,S002,C019,YES,GFX-006;GFX-012,BOTTOM_20_PERCENT_16x9_Y864_1080,NO_KEY_TEXT_FACE_EVIDENCE_OR_LEGAL_NOTE_BELOW_Y864,SH06,ALT_9x16_LAYOUT_FROM_SAME_ASSETS_KEEP_BOTTOM_22_PERCENT_CLEAR,"Use the real crop or source document. Editor headline may summarize, but the document itself may not be fabricated or rewritten."
B060,S08,509.420,524.080,court-doc,T03,DPA_LEGAL_DOCUMENT,,DC015_DPA_CRIMINAL_PENALTY.png,S002_EBAY_DEFERRED_PROSECUTION_AGREEMENT.pdf;DC016_DPA_COMPLIANCE_MONITOR.png;DC017_DPA_ACCEPTANCE_OF_RESPONSIBILITY.png;EBAY_HQ_2018_CC_BY_SA.jpg,S002,C019,YES,GFX-006,BOTTOM_20_PERCENT_16x9_Y864_1080,NO_KEY_TEXT_FACE_EVIDENCE_OR_LEGAL_NOTE_BELOW_Y864,SH06,ALT_9x16_LAYOUT_FROM_SAME_ASSETS_KEEP_BOTTOM_22_PERCENT_CLEAR,"Use the real crop or source document. Editor headline may summarize, but the document itself may not be fabricated or rewritten."
B061,S08,525.140,528.120,court-doc,T03,COURT_ORDER_OR_LEGAL_CLARIFIER,T04,DC015_DPA_CRIMINAL_PENALTY.png,S002_EBAY_DEFERRED_PROSECUTION_AGREEMENT.pdf;DC016_DPA_COMPLIANCE_MONITOR.png;DC017_DPA_ACCEPTANCE_OF_RESPONSIBILITY.png;EBAY_HQ_2018_CC_BY_SA.jpg,S001;S002,C019,YES,GFX-006,BOTTOM_20_PERCENT_16x9_Y864_1080,NO_KEY_TEXT_FACE_EVIDENCE_OR_LEGAL_NOTE_BELOW_Y864,SH06,ALT_9x16_LAYOUT_FROM_SAME_ASSETS_KEEP_BOTTOM_22_PERCENT_CLEAR,"Use the real crop or source document. Editor headline may summarize, but the document itself may not be fabricated or rewritten."
B062,S08,529.300,536.780,money,T04,PENALTY_OR_COST,,S002_EBAY_DEFERRED_PROSECUTION_AGREEMENT.pdf,DC015_DPA_CRIMINAL_PENALTY.png;DC016_DPA_COMPLIANCE_MONITOR.png;DC017_DPA_ACCEPTANCE_OF_RESPONSIBILITY.png;EBAY_HQ_2018_CC_BY_SA.jpg,S001;S002;S012,C019,YES,GFX-006,BOTTOM_20_PERCENT_16x9_Y864_1080,NO_KEY_TEXT_FACE_EVIDENCE_OR_LEGAL_NOTE_BELOW_Y864,SH06,ALT_9x16_LAYOUT_FROM_SAME_ASSETS_KEEP_BOTTOM_22_PERCENT_CLEAR,All material numbers are editor-native and source-bound. Keep $3M DPA separate from $55.7M civil package; settlement is not a judgment.
B063,S08,537.600,544.240,court-doc,T03,DPA_LEGAL_DOCUMENT,T04,DC015_DPA_CRIMINAL_PENALTY.png,S002_EBAY_DEFERRED_PROSECUTION_AGREEMENT.pdf;DC016_DPA_COMPLIANCE_MONITOR.png;DC017_DPA_ACCEPTANCE_OF_RESPONSIBILITY.png;EBAY_HQ_2018_CC_BY_SA.jpg,S001;S002;S012,C019,YES,GFX-006,BOTTOM_20_PERCENT_16x9_Y864_1080,NO_KEY_TEXT_FACE_EVIDENCE_OR_LEGAL_NOTE_BELOW_Y864,SH06,ALT_9x16_LAYOUT_FROM_SAME_ASSETS_KEEP_BOTTOM_22_PERCENT_CLEAR,"Use the real crop or source document. Editor headline may summarize, but the document itself may not be fabricated or rewritten."
B064,S08,545.640,555.980,court-doc,T03,DPA_LEGAL_DOCUMENT,T04,DC015_DPA_CRIMINAL_PENALTY.png,S002_EBAY_DEFERRED_PROSECUTION_AGREEMENT.pdf;DC016_DPA_COMPLIANCE_MONITOR.png;DC017_DPA_ACCEPTANCE_OF_RESPONSIBILITY.png;EBAY_HQ_2018_CC_BY_SA.jpg,S001;S002;S012,C019,YES,GFX-006,BOTTOM_20_PERCENT_16x9_Y864_1080,NO_KEY_TEXT_FACE_EVIDENCE_OR_LEGAL_NOTE_BELOW_Y864,,REFRAME_OK_IF_KEY_CONTENT_STAYS_IN_UPPER_CENTER_SAFE,"Use the real crop or source document. Editor headline may summarize, but the document itself may not be fabricated or rewritten."
B065,S08,556.820,565.860,dossier,T02,EXECUTIVE_CHAIN_DOSSIER,,S002_EBAY_DEFERRED_PROSECUTION_AGREEMENT.pdf,DC015_DPA_CRIMINAL_PENALTY.png;DC016_DPA_COMPLIANCE_MONITOR.png;DC017_DPA_ACCEPTANCE_OF_RESPONSIBILITY.png;EBAY_HQ_2018_CC_BY_SA.jpg,S009,C021,YES,GFX-007,BOTTOM_20_PERCENT_16x9_Y864_1080,NO_KEY_TEXT_FACE_EVIDENCE_OR_LEGAL_NOTE_BELOW_Y864,,REFRAME_OK_IF_KEY_CONTENT_STAYS_IN_UPPER_CENTER_SAFE,Use licensed real portrait when available; otherwise document-forward dossier. No generated likeness. State civil/criminal status precisely.
B066,S08,566.960,569.300,dossier,T02,EXECUTIVE_CHAIN_DOSSIER,,S002_EBAY_DEFERRED_PROSECUTION_AGREEMENT.pdf,DC015_DPA_CRIMINAL_PENALTY.png;DC016_DPA_COMPLIANCE_MONITOR.png;DC017_DPA_ACCEPTANCE_OF_RESPONSIBILITY.png;EBAY_HQ_2018_CC_BY_SA.jpg,S009,C021,YES,GFX-007,BOTTOM_20_PERCENT_16x9_Y864_1080,NO_KEY_TEXT_FACE_EVIDENCE_OR_LEGAL_NOTE_BELOW_Y864,,REFRAME_OK_IF_KEY_CONTENT_STAYS_IN_UPPER_CENTER_SAFE,Use licensed real portrait when available; otherwise document-forward dossier. No generated likeness. State civil/criminal status precisely.
B067,S09,570.640,574.500,court-doc,T03,COURT_ORDER_OR_LEGAL_CLARIFIER,,DC018_CIVIL_COMPLAINT_COVER.png,S009_D711_SUMMARY_JUDGMENT_ORDER.pdf;DC010_SUMMARY_JUDGMENT_ORDER.png;LIVE_MOAKLEY_COURTHOUSE_CC0.jpg;LIVE_MOAKLEY_COURTHOUSE_2017_CC_BY_SA.jpg,S010;S011,C020,YES,GFX-002,BOTTOM_20_PERCENT_16x9_Y864_1080,NO_KEY_TEXT_FACE_EVIDENCE_OR_LEGAL_NOTE_BELOW_Y864,SH07,ALT_9x16_LAYOUT_FROM_SAME_ASSETS_KEEP_BOTTOM_22_PERCENT_CLEAR,"Use the real crop or source document. Editor headline may summarize, but the document itself may not be fabricated or rewritten."
B068,S09,575.640,580.400,court-doc,T03,COURT_ORDER_OR_LEGAL_CLARIFIER,,DC018_CIVIL_COMPLAINT_COVER.png,S009_D711_SUMMARY_JUDGMENT_ORDER.pdf;DC010_SUMMARY_JUDGMENT_ORDER.png;LIVE_MOAKLEY_COURTHOUSE_CC0.jpg;LIVE_MOAKLEY_COURTHOUSE_2017_CC_BY_SA.jpg,S009,C021,NO,,BOTTOM_20_PERCENT_16x9_Y864_1080,NO_KEY_TEXT_FACE_EVIDENCE_OR_LEGAL_NOTE_BELOW_Y864,SH07,ALT_9x16_LAYOUT_FROM_SAME_ASSETS_KEEP_BOTTOM_22_PERCENT_CLEAR,"Use the real crop or source document. Editor headline may summarize, but the document itself may not be fabricated or rewritten."
B069,S09,581.040,593.080,court-doc,T03,COURT_ORDER_OR_LEGAL_CLARIFIER,,DC018_CIVIL_COMPLAINT_COVER.png,S009_D711_SUMMARY_JUDGMENT_ORDER.pdf;DC010_SUMMARY_JUDGMENT_ORDER.png;LIVE_MOAKLEY_COURTHOUSE_CC0.jpg;LIVE_MOAKLEY_COURTHOUSE_2017_CC_BY_SA.jpg,S009,C021,YES,GFX-012,BOTTOM_20_PERCENT_16x9_Y864_1080,NO_KEY_TEXT_FACE_EVIDENCE_OR_LEGAL_NOTE_BELOW_Y864,SH07,ALT_9x16_LAYOUT_FROM_SAME_ASSETS_KEEP_BOTTOM_22_PERCENT_CLEAR,"Use the real crop or source document. Editor headline may summarize, but the document itself may not be fabricated or rewritten."
B070,S09,593.800,603.440,court-doc,T03,COURT_ORDER_OR_LEGAL_CLARIFIER,,DC018_CIVIL_COMPLAINT_COVER.png,S009_D711_SUMMARY_JUDGMENT_ORDER.pdf;DC010_SUMMARY_JUDGMENT_ORDER.png;LIVE_MOAKLEY_COURTHOUSE_CC0.jpg;LIVE_MOAKLEY_COURTHOUSE_2017_CC_BY_SA.jpg,S009,C025,YES,GFX-007,BOTTOM_20_PERCENT_16x9_Y864_1080,NO_KEY_TEXT_FACE_EVIDENCE_OR_LEGAL_NOTE_BELOW_Y864,SH07,ALT_9x16_LAYOUT_FROM_SAME_ASSETS_KEEP_BOTTOM_22_PERCENT_CLEAR,"Use the real crop or source document. Editor headline may summarize, but the document itself may not be fabricated or rewritten."
B071,S09,604.100,608.760,dossier,T02,EXECUTIVE_LEGAL_STATUS,,DC018_CIVIL_COMPLAINT_COVER.png,S009_D711_SUMMARY_JUDGMENT_ORDER.pdf;DC010_SUMMARY_JUDGMENT_ORDER.png;LIVE_MOAKLEY_COURTHOUSE_CC0.jpg;LIVE_MOAKLEY_COURTHOUSE_2017_CC_BY_SA.jpg,S009,C021,YES,GFX-007,BOTTOM_20_PERCENT_16x9_Y864_1080,NO_KEY_TEXT_FACE_EVIDENCE_OR_LEGAL_NOTE_BELOW_Y864,SH07,ALT_9x16_LAYOUT_FROM_SAME_ASSETS_KEEP_BOTTOM_22_PERCENT_CLEAR,Use licensed real portrait when available; otherwise document-forward dossier. No generated likeness. State civil/criminal status precisely.
B072,S09,609.660,619.440,dossier,T02,EXECUTIVE_LEGAL_STATUS,T03,LIVE_DEVIN_WENIG_COMMONS.jpg,DC008_WENIG_NO_DIRECT_BAUGH.png;LIVE_DEVIN_WENIG_CONFERENCE_COMMONS.jpg;S021_EBAY_2020_INTERNAL_INVESTIGATION_STATEMENT_REFERENCE.html,S009,C022,YES,GFX-007,BOTTOM_20_PERCENT_16x9_Y864_1080,NO_KEY_TEXT_FACE_EVIDENCE_OR_LEGAL_NOTE_BELOW_Y864,,REFRAME_OK_IF_KEY_CONTENT_STAYS_IN_UPPER_CENTER_SAFE,Use licensed real portrait when available; otherwise document-forward dossier. No generated likeness. State civil/criminal status precisely.
B073,S09,620.240,633.060,dossier,T02,EXECUTIVE_LEGAL_STATUS,T03,LIVE_DEVIN_WENIG_COMMONS.jpg,DC008_WENIG_NO_DIRECT_BAUGH.png;LIVE_DEVIN_WENIG_CONFERENCE_COMMONS.jpg;S021_EBAY_2020_INTERNAL_INVESTIGATION_STATEMENT_REFERENCE.html,S009,C023,YES,GFX-007;GFX-012,BOTTOM_20_PERCENT_16x9_Y864_1080,NO_KEY_TEXT_FACE_EVIDENCE_OR_LEGAL_NOTE_BELOW_Y864,,REFRAME_OK_IF_KEY_CONTENT_STAYS_IN_UPPER_CENTER_SAFE,Use licensed real portrait when available; otherwise document-forward dossier. No generated likeness. State civil/criminal status precisely.
B074,S09,634.080,650.940,dossier,T02,EXECUTIVE_LEGAL_STATUS,T03,LIVE_DEVIN_WENIG_COMMONS.jpg,DC008_WENIG_NO_DIRECT_BAUGH.png;LIVE_DEVIN_WENIG_CONFERENCE_COMMONS.jpg;S021_EBAY_2020_INTERNAL_INVESTIGATION_STATEMENT_REFERENCE.html,S009;S019,C023;C031,YES,GFX-007;GFX-012,BOTTOM_20_PERCENT_16x9_Y864_1080,NO_KEY_TEXT_FACE_EVIDENCE_OR_LEGAL_NOTE_BELOW_Y864,,REFRAME_OK_IF_KEY_CONTENT_STAYS_IN_UPPER_CENTER_SAFE,Use licensed real portrait when available; otherwise document-forward dossier. No generated likeness. State civil/criminal status precisely.
B075,S09,652.280,663.820,dossier,T02,EXECUTIVE_LEGAL_STATUS,T03,DC009_WYMER_REASONABLE_JUROR.png,S025_STEVE_WYMER_EBAY_PROFILE_REFERENCE.html,S009,C024,YES,GFX-007;GFX-012,BOTTOM_20_PERCENT_16x9_Y864_1080,NO_KEY_TEXT_FACE_EVIDENCE_OR_LEGAL_NOTE_BELOW_Y864,,REFRAME_OK_IF_KEY_CONTENT_STAYS_IN_UPPER_CENTER_SAFE,Use licensed real portrait when available; otherwise document-forward dossier. No generated likeness. State civil/criminal status precisely.
B076,S09,664.560,667.640,dossier,T02,EXECUTIVE_LEGAL_STATUS,T03,DC009_WYMER_REASONABLE_JUROR.png,S025_STEVE_WYMER_EBAY_PROFILE_REFERENCE.html,S009,C024,YES,GFX-007;GFX-012,BOTTOM_20_PERCENT_16x9_Y864_1080,NO_KEY_TEXT_FACE_EVIDENCE_OR_LEGAL_NOTE_BELOW_Y864,,REFRAME_OK_IF_KEY_CONTENT_STAYS_IN_UPPER_CENTER_SAFE,Use licensed real portrait when available; otherwise document-forward dossier. No generated likeness. State civil/criminal status precisely.
B077,S09,669.000,674.260,dossier,T02,EXECUTIVE_LEGAL_STATUS,T03,LIVE_DEVIN_WENIG_COMMONS.jpg,S024_WENDY_JONES_EBAY_BIO_REFERENCE.pdf;S025_STEVE_WYMER_EBAY_PROFILE_REFERENCE.html,S009;S004,C021,YES,GFX-007,BOTTOM_20_PERCENT_16x9_Y864_1080,NO_KEY_TEXT_FACE_EVIDENCE_OR_LEGAL_NOTE_BELOW_Y864,,REFRAME_OK_IF_KEY_CONTENT_STAYS_IN_UPPER_CENTER_SAFE,Use licensed real portrait when available; otherwise document-forward dossier. No generated likeness. State civil/criminal status precisely.
B078,S09,675.700,691.400,dossier,T02,EXECUTIVE_LEGAL_STATUS,T03,S021_EBAY_2020_INTERNAL_INVESTIGATION_STATEMENT_REFERENCE.html,,S019,C031,YES,GFX-003,BOTTOM_20_PERCENT_16x9_Y864_1080,NO_KEY_TEXT_FACE_EVIDENCE_OR_LEGAL_NOTE_BELOW_Y864,,REFRAME_OK_IF_KEY_CONTENT_STAYS_IN_UPPER_CENTER_SAFE,Use licensed real portrait when available; otherwise document-forward dossier. No generated likeness. State civil/criminal status precisely.
B079,S09,692.440,702.280,dossier,T02,EXECUTIVE_LEGAL_STATUS,,DC018_CIVIL_COMPLAINT_COVER.png,S009_D711_SUMMARY_JUDGMENT_ORDER.pdf;DC010_SUMMARY_JUDGMENT_ORDER.png;LIVE_MOAKLEY_COURTHOUSE_CC0.jpg;LIVE_MOAKLEY_COURTHOUSE_2017_CC_BY_SA.jpg,S009,C021,YES,,BOTTOM_20_PERCENT_16x9_Y864_1080,NO_KEY_TEXT_FACE_EVIDENCE_OR_LEGAL_NOTE_BELOW_Y864,,REFRAME_OK_IF_KEY_CONTENT_STAYS_IN_UPPER_CENTER_SAFE,Use licensed real portrait when available; otherwise document-forward dossier. No generated likeness. State civil/criminal status precisely.
B080,S09,703.640,709.000,court-doc,T03,COURT_ORDER_OR_LEGAL_CLARIFIER,,DC018_CIVIL_COMPLAINT_COVER.png,S009_D711_SUMMARY_JUDGMENT_ORDER.pdf;DC010_SUMMARY_JUDGMENT_ORDER.png;LIVE_MOAKLEY_COURTHOUSE_CC0.jpg;LIVE_MOAKLEY_COURTHOUSE_2017_CC_BY_SA.jpg,S009,C021,NO,,BOTTOM_20_PERCENT_16x9_Y864_1080,NO_KEY_TEXT_FACE_EVIDENCE_OR_LEGAL_NOTE_BELOW_Y864,,REFRAME_OK_IF_KEY_CONTENT_STAYS_IN_UPPER_CENTER_SAFE,"Use the real crop or source document. Editor headline may summarize, but the document itself may not be fabricated or rewritten."
B081,S10,710.380,718.560,timeline,T06,SETTLEMENT_TIMELINE,,S020_D986_STIPULATION_DISMISSAL.pdf,S013_EBAY_2026_SETTLEMENT_STATEMENT_REFERENCE.html;LIVE_MOAKLEY_COURTHOUSE_CC0.jpg,S015;S019,C026,YES,GFX-013,BOTTOM_20_PERCENT_16x9_Y864_1080,NO_KEY_TEXT_FACE_EVIDENCE_OR_LEGAL_NOTE_BELOW_Y864,,REFRAME_OK_IF_KEY_CONTENT_STAYS_IN_UPPER_CENTER_SAFE,3–5 events maximum per frame; date spine and causal flow above subtitle-safe band. Do not cram the entire case into one screen.
B082,S10,718.560,723.480,timeline,T06,SETTLEMENT_TIMELINE,,S020_D986_STIPULATION_DISMISSAL.pdf,S013_EBAY_2026_SETTLEMENT_STATEMENT_REFERENCE.html;LIVE_MOAKLEY_COURTHOUSE_CC0.jpg,S015;S019,C026,YES,GFX-013,BOTTOM_20_PERCENT_16x9_Y864_1080,NO_KEY_TEXT_FACE_EVIDENCE_OR_LEGAL_NOTE_BELOW_Y864,,REFRAME_OK_IF_KEY_CONTENT_STAYS_IN_UPPER_CENTER_SAFE,3–5 events maximum per frame; date spine and causal flow above subtitle-safe band. Do not cram the entire case into one screen.
B083,S10,724.220,733.820,timeline,T06,SETTLEMENT_TIMELINE,,S020_D986_STIPULATION_DISMISSAL.pdf,S013_EBAY_2026_SETTLEMENT_STATEMENT_REFERENCE.html;LIVE_MOAKLEY_COURTHOUSE_CC0.jpg,S015;S016,C026;C027,YES,GFX-013,BOTTOM_20_PERCENT_16x9_Y864_1080,NO_KEY_TEXT_FACE_EVIDENCE_OR_LEGAL_NOTE_BELOW_Y864,,REFRAME_OK_IF_KEY_CONTENT_STAYS_IN_UPPER_CENTER_SAFE,3–5 events maximum per frame; date spine and causal flow above subtitle-safe band. Do not cram the entire case into one screen.
B084,S10,734.860,743.180,timeline,T06,SETTLEMENT_TIMELINE,,S020_D986_STIPULATION_DISMISSAL.pdf,S013_EBAY_2026_SETTLEMENT_STATEMENT_REFERENCE.html;LIVE_MOAKLEY_COURTHOUSE_CC0.jpg,S016,C027,YES,GFX-013,BOTTOM_20_PERCENT_16x9_Y864_1080,NO_KEY_TEXT_FACE_EVIDENCE_OR_LEGAL_NOTE_BELOW_Y864,,REFRAME_OK_IF_KEY_CONTENT_STAYS_IN_UPPER_CENTER_SAFE,3–5 events maximum per frame; date spine and causal flow above subtitle-safe band. Do not cram the entire case into one screen.
B085,S10,743.960,752.340,timeline,T06,SETTLEMENT_TIMELINE,,S020_D986_STIPULATION_DISMISSAL.pdf,S013_EBAY_2026_SETTLEMENT_STATEMENT_REFERENCE.html;LIVE_MOAKLEY_COURTHOUSE_CC0.jpg,S016;S014;S017,C027;C028,YES,GFX-013,BOTTOM_20_PERCENT_16x9_Y864_1080,NO_KEY_TEXT_FACE_EVIDENCE_OR_LEGAL_NOTE_BELOW_Y864,,REFRAME_OK_IF_KEY_CONTENT_STAYS_IN_UPPER_CENTER_SAFE,3–5 events maximum per frame; date spine and causal flow above subtitle-safe band. Do not cram the entire case into one screen.
B086,S10,752.940,757.000,timeline,T06,SETTLEMENT_TIMELINE,T04,S020_D986_STIPULATION_DISMISSAL.pdf,S013_EBAY_2026_SETTLEMENT_STATEMENT_REFERENCE.html;LIVE_MOAKLEY_COURTHOUSE_CC0.jpg,S014;S017;S018,C028,YES,GFX-008;GFX-013,BOTTOM_20_PERCENT_16x9_Y864_1080,NO_KEY_TEXT_FACE_EVIDENCE_OR_LEGAL_NOTE_BELOW_Y864,,REFRAME_OK_IF_KEY_CONTENT_STAYS_IN_UPPER_CENTER_SAFE,3–5 events maximum per frame; date spine and causal flow above subtitle-safe band. Do not cram the entire case into one screen.
B087,S11,757.980,761.360,timeline,T06,SETTLEMENT_TIMELINE,T04,S020_D986_STIPULATION_DISMISSAL.pdf,S013_EBAY_2026_SETTLEMENT_STATEMENT_REFERENCE.html;LIVE_MOAKLEY_COURTHOUSE_CC0.jpg,S014;S017;S018,C028,YES,GFX-008,BOTTOM_20_PERCENT_16x9_Y864_1080,NO_KEY_TEXT_FACE_EVIDENCE_OR_LEGAL_NOTE_BELOW_Y864,SH08,ALT_9x16_LAYOUT_FROM_SAME_ASSETS_KEEP_BOTTOM_22_PERCENT_CLEAR,3–5 events maximum per frame; date spine and causal flow above subtitle-safe band. Do not cram the entire case into one screen.
B088,S11,762.080,766.940,money,T04,SETTLEMENT_BREAKDOWN,,S020_D986_STIPULATION_DISMISSAL.pdf,S013_EBAY_2026_SETTLEMENT_STATEMENT_REFERENCE.html,S014;S017;S018,C028,YES,GFX-008,BOTTOM_20_PERCENT_16x9_Y864_1080,NO_KEY_TEXT_FACE_EVIDENCE_OR_LEGAL_NOTE_BELOW_Y864,SH08,ALT_9x16_LAYOUT_FROM_SAME_ASSETS_KEEP_BOTTOM_22_PERCENT_CLEAR,All material numbers are editor-native and source-bound. Keep $3M DPA separate from $55.7M civil package; settlement is not a judgment.
B089,S11,766.940,772.520,money,T04,SETTLEMENT_BREAKDOWN,,S020_D986_STIPULATION_DISMISSAL.pdf,S013_EBAY_2026_SETTLEMENT_STATEMENT_REFERENCE.html,S014;S017;S018,C028,YES,GFX-008,BOTTOM_20_PERCENT_16x9_Y864_1080,NO_KEY_TEXT_FACE_EVIDENCE_OR_LEGAL_NOTE_BELOW_Y864,SH08,ALT_9x16_LAYOUT_FROM_SAME_ASSETS_KEEP_BOTTOM_22_PERCENT_CLEAR,All material numbers are editor-native and source-bound. Keep $3M DPA separate from $55.7M civil package; settlement is not a judgment.
B090,S11,773.220,777.680,money,T04,SETTLEMENT_BREAKDOWN,,S020_D986_STIPULATION_DISMISSAL.pdf,S013_EBAY_2026_SETTLEMENT_STATEMENT_REFERENCE.html,S014;S017;S018,C028,YES,GFX-008,BOTTOM_20_PERCENT_16x9_Y864_1080,NO_KEY_TEXT_FACE_EVIDENCE_OR_LEGAL_NOTE_BELOW_Y864,SH08,ALT_9x16_LAYOUT_FROM_SAME_ASSETS_KEEP_BOTTOM_22_PERCENT_CLEAR,All material numbers are editor-native and source-bound. Keep $3M DPA separate from $55.7M civil package; settlement is not a judgment.
B091,S11,778.640,784.000,money,T04,SETTLEMENT_BREAKDOWN,,S020_D986_STIPULATION_DISMISSAL.pdf,S013_EBAY_2026_SETTLEMENT_STATEMENT_REFERENCE.html,S014;S017;S018,C028,YES,GFX-008,BOTTOM_20_PERCENT_16x9_Y864_1080,NO_KEY_TEXT_FACE_EVIDENCE_OR_LEGAL_NOTE_BELOW_Y864,SH08,ALT_9x16_LAYOUT_FROM_SAME_ASSETS_KEEP_BOTTOM_22_PERCENT_CLEAR,All material numbers are editor-native and source-bound. Keep $3M DPA separate from $55.7M civil package; settlement is not a judgment.
B092,S11,784.680,787.640,money,T04,SETTLEMENT_BREAKDOWN,,S020_D986_STIPULATION_DISMISSAL.pdf,S013_EBAY_2026_SETTLEMENT_STATEMENT_REFERENCE.html,S014;S017;S018,C028,YES,GFX-008,BOTTOM_20_PERCENT_16x9_Y864_1080,NO_KEY_TEXT_FACE_EVIDENCE_OR_LEGAL_NOTE_BELOW_Y864,SH08,ALT_9x16_LAYOUT_FROM_SAME_ASSETS_KEEP_BOTTOM_22_PERCENT_CLEAR,All material numbers are editor-native and source-bound. Keep $3M DPA separate from $55.7M civil package; settlement is not a judgment.
B093,S11,788.540,794.660,money,T04,SETTLEMENT_BREAKDOWN,,S020_D986_STIPULATION_DISMISSAL.pdf,S013_EBAY_2026_SETTLEMENT_STATEMENT_REFERENCE.html,S014;S017;S018,C029,YES,GFX-009,BOTTOM_20_PERCENT_16x9_Y864_1080,NO_KEY_TEXT_FACE_EVIDENCE_OR_LEGAL_NOTE_BELOW_Y864,SH08,ALT_9x16_LAYOUT_FROM_SAME_ASSETS_KEEP_BOTTOM_22_PERCENT_CLEAR,All material numbers are editor-native and source-bound. Keep $3M DPA separate from $55.7M civil package; settlement is not a judgment.
B094,S11,794.660,796.180,money,T04,SETTLEMENT_BREAKDOWN,,S020_D986_STIPULATION_DISMISSAL.pdf,S013_EBAY_2026_SETTLEMENT_STATEMENT_REFERENCE.html,S014;S017;S018,C029,YES,GFX-009,BOTTOM_20_PERCENT_16x9_Y864_1080,NO_KEY_TEXT_FACE_EVIDENCE_OR_LEGAL_NOTE_BELOW_Y864,SH08,ALT_9x16_LAYOUT_FROM_SAME_ASSETS_KEEP_BOTTOM_22_PERCENT_CLEAR,All material numbers are editor-native and source-bound. Keep $3M DPA separate from $55.7M civil package; settlement is not a judgment.
B095,S11,797.040,801.260,money,T04,SETTLEMENT_BREAKDOWN,,S020_D986_STIPULATION_DISMISSAL.pdf,S013_EBAY_2026_SETTLEMENT_STATEMENT_REFERENCE.html,S014;S017;S018,C029,YES,GFX-009,BOTTOM_20_PERCENT_16x9_Y864_1080,NO_KEY_TEXT_FACE_EVIDENCE_OR_LEGAL_NOTE_BELOW_Y864,SH08,ALT_9x16_LAYOUT_FROM_SAME_ASSETS_KEEP_BOTTOM_22_PERCENT_CLEAR,All material numbers are editor-native and source-bound. Keep $3M DPA separate from $55.7M civil package; settlement is not a judgment.
B096,S11,801.740,812.020,money,T04,SETTLEMENT_BREAKDOWN,,S020_D986_STIPULATION_DISMISSAL.pdf,S013_EBAY_2026_SETTLEMENT_STATEMENT_REFERENCE.html,S014;S017;S018,C029,YES,GFX-010,BOTTOM_20_PERCENT_16x9_Y864_1080,NO_KEY_TEXT_FACE_EVIDENCE_OR_LEGAL_NOTE_BELOW_Y864,SH08,ALT_9x16_LAYOUT_FROM_SAME_ASSETS_KEEP_BOTTOM_22_PERCENT_CLEAR,All material numbers are editor-native and source-bound. Keep $3M DPA separate from $55.7M civil package; settlement is not a judgment.
B097,S11,812.780,815.940,money,T04,SETTLEMENT_BREAKDOWN,,S020_D986_STIPULATION_DISMISSAL.pdf,S013_EBAY_2026_SETTLEMENT_STATEMENT_REFERENCE.html,S014;S017;S018,C028;C029,YES,GFX-008,BOTTOM_20_PERCENT_16x9_Y864_1080,NO_KEY_TEXT_FACE_EVIDENCE_OR_LEGAL_NOTE_BELOW_Y864,SH08,ALT_9x16_LAYOUT_FROM_SAME_ASSETS_KEEP_BOTTOM_22_PERCENT_CLEAR,All material numbers are editor-native and source-bound. Keep $3M DPA separate from $55.7M civil package; settlement is not a judgment.
B098,S11,816.540,825.700,money,T04,SETTLEMENT_BREAKDOWN,,S020_D986_STIPULATION_DISMISSAL.pdf,S013_EBAY_2026_SETTLEMENT_STATEMENT_REFERENCE.html,S001;S002;S014;S017,C019;C028,YES,GFX-011,BOTTOM_20_PERCENT_16x9_Y864_1080,NO_KEY_TEXT_FACE_EVIDENCE_OR_LEGAL_NOTE_BELOW_Y864,SH09,ALT_9x16_LAYOUT_FROM_SAME_ASSETS_KEEP_BOTTOM_22_PERCENT_CLEAR,All material numbers are editor-native and source-bound. Keep $3M DPA separate from $55.7M civil package; settlement is not a judgment.
B099,S11,826.300,827.520,money,T04,SETTLEMENT_BREAKDOWN,,S020_D986_STIPULATION_DISMISSAL.pdf,S013_EBAY_2026_SETTLEMENT_STATEMENT_REFERENCE.html,S001;S002;S014;S017,C019;C028,YES,GFX-011,BOTTOM_20_PERCENT_16x9_Y864_1080,NO_KEY_TEXT_FACE_EVIDENCE_OR_LEGAL_NOTE_BELOW_Y864,SH09,ALT_9x16_LAYOUT_FROM_SAME_ASSETS_KEEP_BOTTOM_22_PERCENT_CLEAR,All material numbers are editor-native and source-bound. Keep $3M DPA separate from $55.7M civil package; settlement is not a judgment.
B100,S11,828.320,838.040,money,T04,SETTLEMENT_BREAKDOWN,,S020_D986_STIPULATION_DISMISSAL.pdf,S013_EBAY_2026_SETTLEMENT_STATEMENT_REFERENCE.html,S001;S002;S014;S017,C019;C028,YES,GFX-011,BOTTOM_20_PERCENT_16x9_Y864_1080,NO_KEY_TEXT_FACE_EVIDENCE_OR_LEGAL_NOTE_BELOW_Y864,SH09,ALT_9x16_LAYOUT_FROM_SAME_ASSETS_KEEP_BOTTOM_22_PERCENT_CLEAR,All material numbers are editor-native and source-bound. Keep $3M DPA separate from $55.7M civil package; settlement is not a judgment.
B101,S11,838.820,843.700,timeline,T06,OPERATION_OR_CASE_TIMELINE,T04,S020_D986_STIPULATION_DISMISSAL.pdf,S013_EBAY_2026_SETTLEMENT_STATEMENT_REFERENCE.html,S001;S014;S017,C019;C028,YES,GFX-015,BOTTOM_20_PERCENT_16x9_Y864_1080,NO_KEY_TEXT_FACE_EVIDENCE_OR_LEGAL_NOTE_BELOW_Y864,SH09,ALT_9x16_LAYOUT_FROM_SAME_ASSETS_KEEP_BOTTOM_22_PERCENT_CLEAR,3–5 events maximum per frame; date spine and causal flow above subtitle-safe band. Do not cram the entire case into one screen.
B102,S12,844.600,854.500,dossier,T02,COMPANY_STATEMENT_STATUS,,S013_EBAY_2026_SETTLEMENT_STATEMENT_REFERENCE.html,EBAY_HQ_2018_CC_BY_SA.jpg,S013,C030,YES,GFX-003,BOTTOM_20_PERCENT_16x9_Y864_1080,NO_KEY_TEXT_FACE_EVIDENCE_OR_LEGAL_NOTE_BELOW_Y864,,REFRAME_OK_IF_KEY_CONTENT_STAYS_IN_UPPER_CENTER_SAFE,Use licensed real portrait when available; otherwise document-forward dossier. No generated likeness. State civil/criminal status precisely.
B103,S12,855.180,861.280,dossier,T02,COMPANY_STATEMENT_STATUS,,S013_EBAY_2026_SETTLEMENT_STATEMENT_REFERENCE.html,EBAY_HQ_2018_CC_BY_SA.jpg,S013,C030,YES,GFX-003,BOTTOM_20_PERCENT_16x9_Y864_1080,NO_KEY_TEXT_FACE_EVIDENCE_OR_LEGAL_NOTE_BELOW_Y864,,REFRAME_OK_IF_KEY_CONTENT_STAYS_IN_UPPER_CENTER_SAFE,Use licensed real portrait when available; otherwise document-forward dossier. No generated likeness. State civil/criminal status precisely.
B104,S12,862.240,869.060,court-doc,T03,COURT_ORDER_OR_LEGAL_CLARIFIER,,S009_D711_SUMMARY_JUDGMENT_ORDER.pdf,S001_DOJ_CASE_PAGE.html;EBAY_HQ_2018_CC_BY_SA.jpg;NATICK_CENTER_2020_CC_BY_SA.jpg,S009;S014,C021;C028,YES,GFX-012,BOTTOM_20_PERCENT_16x9_Y864_1080,NO_KEY_TEXT_FACE_EVIDENCE_OR_LEGAL_NOTE_BELOW_Y864,,REFRAME_OK_IF_KEY_CONTENT_STAYS_IN_UPPER_CENTER_SAFE,"Use the real crop or source document. Editor headline may summarize, but the document itself may not be fabricated or rewritten."
B105,S12,870.120,880.540,timeline,T06,FINAL_SYNTHESIS_TIMELINE,,S009_D711_SUMMARY_JUDGMENT_ORDER.pdf,S001_DOJ_CASE_PAGE.html;EBAY_HQ_2018_CC_BY_SA.jpg;NATICK_CENTER_2020_CC_BY_SA.jpg,S009;S014,C021;C028,YES,GFX-012;GFX-015,BOTTOM_20_PERCENT_16x9_Y864_1080,NO_KEY_TEXT_FACE_EVIDENCE_OR_LEGAL_NOTE_BELOW_Y864,,REFRAME_OK_IF_KEY_CONTENT_STAYS_IN_UPPER_CENTER_SAFE,3–5 events maximum per frame; date spine and causal flow above subtitle-safe band. Do not cram the entire case into one screen.
B106,S12,881.420,888.700,corporate/location,T05,CORPORATE_OR_LOCATION_ESTABLISHING,,EBAY_HQ_2018_CC_BY_SA.jpg,S009_D711_SUMMARY_JUDGMENT_ORDER.pdf;S001_DOJ_CASE_PAGE.html;NATICK_CENTER_2020_CC_BY_SA.jpg,S009;S013,C003;C030,NO,,BOTTOM_20_PERCENT_16x9_Y864_1080,NO_KEY_TEXT_FACE_EVIDENCE_OR_LEGAL_NOTE_BELOW_Y864,,REFRAME_OK_IF_KEY_CONTENT_STAYS_IN_UPPER_CENTER_SAFE,Use real geography/location source. No victim address. Any GPS route is contextual only; attempted tracker must never appear successfully installed.
B107,S12,889.200,897.020,timeline,T06,FINAL_SYNTHESIS_TIMELINE,,S009_D711_SUMMARY_JUDGMENT_ORDER.pdf,S001_DOJ_CASE_PAGE.html;EBAY_HQ_2018_CC_BY_SA.jpg;NATICK_CENTER_2020_CC_BY_SA.jpg,S001;S002;S009,C010;C012;C014,YES,,BOTTOM_20_PERCENT_16x9_Y864_1080,NO_KEY_TEXT_FACE_EVIDENCE_OR_LEGAL_NOTE_BELOW_Y864,,REFRAME_OK_IF_KEY_CONTENT_STAYS_IN_UPPER_CENTER_SAFE,3–5 events maximum per frame; date spine and causal flow above subtitle-safe band. Do not cram the entire case into one screen.
B108,S12,897.900,900.400,dossier,T07,PARTICIPANTS_ACCOUNTABILITY_BOARD,T03,S009_D711_SUMMARY_JUDGMENT_ORDER.pdf,S001_DOJ_CASE_PAGE.html;EBAY_HQ_2018_CC_BY_SA.jpg;NATICK_CENTER_2020_CC_BY_SA.jpg,S004,C016,YES,GFX-005,BOTTOM_20_PERCENT_16x9_Y864_1080,NO_KEY_TEXT_FACE_EVIDENCE_OR_LEGAL_NOTE_BELOW_Y864,,REFRAME_OK_IF_KEY_CONTENT_STAYS_IN_UPPER_CENTER_SAFE,Use DOJ/court-backed names/statuses/sentences. Do not use unsourced portraits; guilty pleas and sentences must remain person-specific.
B109,S12,901.260,911.140,court-doc,T03,DPA_LEGAL_DOCUMENT,T04,S009_D711_SUMMARY_JUDGMENT_ORDER.pdf,S001_DOJ_CASE_PAGE.html;EBAY_HQ_2018_CC_BY_SA.jpg;NATICK_CENTER_2020_CC_BY_SA.jpg,S001;S002;S012,C019,YES,GFX-006,BOTTOM_20_PERCENT_16x9_Y864_1080,NO_KEY_TEXT_FACE_EVIDENCE_OR_LEGAL_NOTE_BELOW_Y864,,REFRAME_OK_IF_KEY_CONTENT_STAYS_IN_UPPER_CENTER_SAFE,"Use the real crop or source document. Editor headline may summarize, but the document itself may not be fabricated or rewritten."
B110,S12,911.840,921.080,timeline,T06,SETTLEMENT_TIMELINE,,S009_D711_SUMMARY_JUDGMENT_ORDER.pdf,S001_DOJ_CASE_PAGE.html;EBAY_HQ_2018_CC_BY_SA.jpg;NATICK_CENTER_2020_CC_BY_SA.jpg,S015;S016;S014,C026;C027;C028,YES,GFX-013,BOTTOM_20_PERCENT_16x9_Y864_1080,NO_KEY_TEXT_FACE_EVIDENCE_OR_LEGAL_NOTE_BELOW_Y864,,REFRAME_OK_IF_KEY_CONTENT_STAYS_IN_UPPER_CENTER_SAFE,3–5 events maximum per frame; date spine and causal flow above subtitle-safe band. Do not cram the entire case into one screen.
B111,S12,921.900,926.520,money,T04,SETTLEMENT_BREAKDOWN,,S009_D711_SUMMARY_JUDGMENT_ORDER.pdf,S001_DOJ_CASE_PAGE.html;EBAY_HQ_2018_CC_BY_SA.jpg;NATICK_CENTER_2020_CC_BY_SA.jpg,S014;S017;S018,C028,YES,GFX-008,BOTTOM_20_PERCENT_16x9_Y864_1080,NO_KEY_TEXT_FACE_EVIDENCE_OR_LEGAL_NOTE_BELOW_Y864,,REFRAME_OK_IF_KEY_CONTENT_STAYS_IN_UPPER_CENTER_SAFE,All material numbers are editor-native and source-bound. Keep $3M DPA separate from $55.7M civil package; settlement is not a judgment.
B112,S12,927.320,937.400,timeline,T06,FINAL_SYNTHESIS_TIMELINE,T04,S009_D711_SUMMARY_JUDGMENT_ORDER.pdf,S001_DOJ_CASE_PAGE.html;EBAY_HQ_2018_CC_BY_SA.jpg;NATICK_CENTER_2020_CC_BY_SA.jpg,S004;S005;S001;S002,C016;C017;C019,YES,GFX-005;GFX-015,BOTTOM_20_PERCENT_16x9_Y864_1080,NO_KEY_TEXT_FACE_EVIDENCE_OR_LEGAL_NOTE_BELOW_Y864,SH10,ALT_9x16_LAYOUT_FROM_SAME_ASSETS_KEEP_BOTTOM_22_PERCENT_CLEAR,3–5 events maximum per frame; date spine and causal flow above subtitle-safe band. Do not cram the entire case into one screen.
B113,S12,938.280,942.180,money,T04,SETTLEMENT_BREAKDOWN,T06,S009_D711_SUMMARY_JUDGMENT_ORDER.pdf,S001_DOJ_CASE_PAGE.html;EBAY_HQ_2018_CC_BY_SA.jpg;NATICK_CENTER_2020_CC_BY_SA.jpg,S014;S017;S018,C028,YES,GFX-008;GFX-015,BOTTOM_20_PERCENT_16x9_Y864_1080,NO_KEY_TEXT_FACE_EVIDENCE_OR_LEGAL_NOTE_BELOW_Y864,SH10,ALT_9x16_LAYOUT_FROM_SAME_ASSETS_KEEP_BOTTOM_22_PERCENT_CLEAR,All material numbers are editor-native and source-bound. Keep $3M DPA separate from $55.7M civil package; settlement is not a judgment.
B114,S12,942.720,951.340,timeline,T06,FINAL_SYNTHESIS_TIMELINE,,S009_D711_SUMMARY_JUDGMENT_ORDER.pdf,S001_DOJ_CASE_PAGE.html;EBAY_HQ_2018_CC_BY_SA.jpg;NATICK_CENTER_2020_CC_BY_SA.jpg,S009;S013,C003;C030,YES,GFX-015,BOTTOM_20_PERCENT_16x9_Y864_1080,NO_KEY_TEXT_FACE_EVIDENCE_OR_LEGAL_NOTE_BELOW_Y864,SH10,ALT_9x16_LAYOUT_FROM_SAME_ASSETS_KEEP_BOTTOM_22_PERCENT_CLEAR,3–5 events maximum per frame; date spine and causal flow above subtitle-safe band. Do not cram the entire case into one screen.
B115,S12,952.080,956.920,timeline,T06,FINAL_SYNTHESIS_TIMELINE,,S009_D711_SUMMARY_JUDGMENT_ORDER.pdf,S001_DOJ_CASE_PAGE.html;EBAY_HQ_2018_CC_BY_SA.jpg;NATICK_CENTER_2020_CC_BY_SA.jpg,S009;S013,C003;C030,YES,GFX-015,BOTTOM_20_PERCENT_16x9_Y864_1080,NO_KEY_TEXT_FACE_EVIDENCE_OR_LEGAL_NOTE_BELOW_Y864,SH10,ALT_9x16_LAYOUT_FROM_SAME_ASSETS_KEEP_BOTTOM_22_PERCENT_CLEAR,3–5 events maximum per frame; date spine and causal flow above subtitle-safe band. Do not cram the entire case into one screen.
