beat_id,verdict,qc_note
B057,PASS,"Visual QC passed against locked beat meaning, factual/legal status, WHAT IT COST style, source/context treatment, and subtitle-safe lower zone."
B058,PASS,"Visual QC passed against locked beat meaning, factual/legal status, WHAT IT COST style, source/context treatment, and subtitle-safe lower zone."
B059,PASS,"Visual QC passed against locked beat meaning, factual/legal status, WHAT IT COST style, source/context treatment, and subtitle-safe lower zone."
B060,PASS,"Visual QC passed against locked beat meaning, factual/legal status, WHAT IT COST style, source/context treatment, and subtitle-safe lower zone."
B061,PASS,"Visual QC passed against locked beat meaning, factual/legal status, WHAT IT COST style, source/context treatment, and subtitle-safe lower zone."
B063,PASS,"Visual QC passed against locked beat meaning, factual/legal status, WHAT IT COST style, source/context treatment, and subtitle-safe lower zone."
B064,PASS,"Visual QC passed against locked beat meaning, factual/legal status, WHAT IT COST style, source/context treatment, and subtitle-safe lower zone."
B065,PASS,"Visual QC passed against locked beat meaning, factual/legal status, WHAT IT COST style, source/context treatment, and subtitle-safe lower zone."
B066,PASS,"Visual QC passed against locked beat meaning, factual/legal status, WHAT IT COST style, source/context treatment, and subtitle-safe lower zone."
B067,PASS,"Visual QC passed against locked beat meaning, factual/legal status, WHAT IT COST style, source/context treatment, and subtitle-safe lower zone."
B068,PASS,"Visual QC passed against locked beat meaning, factual/legal status, WHAT IT COST style, source/context treatment, and subtitle-safe lower zone."
B069,PASS,"Visual QC passed against locked beat meaning, factual/legal status, WHAT IT COST style, source/context treatment, and subtitle-safe lower zone."
B070,PASS,"Visual QC passed against locked beat meaning, factual/legal status, WHAT IT COST style, source/context treatment, and subtitle-safe lower zone."
B071,PASS,"Visual QC passed against locked beat meaning, factual/legal status, WHAT IT COST style, source/context treatment, and subtitle-safe lower zone."
B072,PASS,"Visual QC passed against locked beat meaning, factual/legal status, WHAT IT COST style, source/context treatment, and subtitle-safe lower zone."
B073,PASS,"Visual QC passed against locked beat meaning, factual/legal status, WHAT IT COST style, source/context treatment, and subtitle-safe lower zone."
B074,PASS,"Visual QC passed against locked beat meaning, factual/legal status, WHAT IT COST style, source/context treatment, and subtitle-safe lower zone."
B075,PASS,"Visual QC passed against locked beat meaning, factual/legal status, WHAT IT COST style, source/context treatment, and subtitle-safe lower zone."
B076,PASS,"Visual QC passed against locked beat meaning, factual/legal status, WHAT IT COST style, source/context treatment, and subtitle-safe lower zone."
B079,PASS,"Visual QC passed against locked beat meaning, factual/legal status, WHAT IT COST style, source/context treatment, and subtitle-safe lower zone."
B080,PASS,"Visual QC passed against locked beat meaning, factual/legal status, WHAT IT COST style, source/context treatment, and subtitle-safe lower zone."
B105,PASS,"Visual QC passed against locked beat meaning, factual/legal status, WHAT IT COST style, source/context treatment, and subtitle-safe lower zone."
B106,PASS,"Visual QC passed against locked beat meaning, factual/legal status, WHAT IT COST style, source/context treatment, and subtitle-safe lower zone."
B107,PASS,"Visual QC passed against locked beat meaning, factual/legal status, WHAT IT COST style, source/context treatment, and subtitle-safe lower zone."
B108,PASS,"Visual QC passed against locked beat meaning, factual/legal status, WHAT IT COST style, source/context treatment, and subtitle-safe lower zone."
B109,PASS,"Visual QC passed against locked beat meaning, factual/legal status, WHAT IT COST style, source/context treatment, and subtitle-safe lower zone."
B110,PASS,"Visual QC passed against locked beat meaning, factual/legal status, WHAT IT COST style, source/context treatment, and subtitle-safe lower zone."
B112,PASS,"Visual QC passed against locked beat meaning, factual/legal status, WHAT IT COST style, source/context treatment, and subtitle-safe lower zone."
B113,PASS,"Visual QC passed against locked beat meaning, factual/legal status, WHAT IT COST style, source/context treatment, and subtitle-safe lower zone."
B114,PASS,"Visual QC passed against locked beat meaning, factual/legal status, WHAT IT COST style, source/context treatment, and subtitle-safe lower zone."
B026,PASS,"Visual QC passed against locked beat meaning, factual/legal status, WHAT IT COST style, source/context treatment, and subtitle-safe lower zone."
B032,PASS,"Visual QC passed against locked beat meaning, factual/legal status, WHAT IT COST style, source/context treatment, and subtitle-safe lower zone."
B042,PASS,"Visual QC passed against locked beat meaning, factual/legal status, WHAT IT COST style, source/context treatment, and subtitle-safe lower zone."
B046,PASS,"Visual QC passed against locked beat meaning, factual/legal status, WHAT IT COST style, source/context treatment, and subtitle-safe lower zone."
B047,PASS,"Visual QC passed against locked beat meaning, factual/legal status, WHAT IT COST style, source/context treatment, and subtitle-safe lower zone."
B055,PASS,"Visual QC passed against locked beat meaning, factual/legal status, WHAT IT COST style, source/context treatment, and subtitle-safe lower zone."
B056,PASS,"Visual QC passed against locked beat meaning, factual/legal status, WHAT IT COST style, source/context treatment, and subtitle-safe lower zone."
B078,PASS,"Visual QC passed against locked beat meaning, factual/legal status, WHAT IT COST style, source/context treatment, and subtitle-safe lower zone."
B081,PASS,"Visual QC passed against locked beat meaning, factual/legal status, WHAT IT COST style, source/context treatment, and subtitle-safe lower zone."
B082,PASS,"Visual QC passed against locked beat meaning, factual/legal status, WHAT IT COST style, source/context treatment, and subtitle-safe lower zone."
B083,PASS,"Visual QC passed against locked beat meaning, factual/legal status, WHAT IT COST style, source/context treatment, and subtitle-safe lower zone."
B084,PASS,"Visual QC passed against locked beat meaning, factual/legal status, WHAT IT COST style, source/context treatment, and subtitle-safe lower zone."
B085,PASS,"Visual QC passed against locked beat meaning, factual/legal status, WHAT IT COST style, source/context treatment, and subtitle-safe lower zone."
B086,PASS,"Visual QC passed against locked beat meaning, factual/legal status, WHAT IT COST style, source/context treatment, and subtitle-safe lower zone."
B087,PASS,"Visual QC passed against locked beat meaning, factual/legal status, WHAT IT COST style, source/context treatment, and subtitle-safe lower zone."
B088,PASS,"Visual QC passed against locked beat meaning, factual/legal status, WHAT IT COST style, source/context treatment, and subtitle-safe lower zone."
B089,PASS,"Visual QC passed against locked beat meaning, factual/legal status, WHAT IT COST style, source/context treatment, and subtitle-safe lower zone."
B090,PASS,"Visual QC passed against locked beat meaning, factual/legal status, WHAT IT COST style, source/context treatment, and subtitle-safe lower zone."
B091,PASS,"Visual QC passed against locked beat meaning, factual/legal status, WHAT IT COST style, source/context treatment, and subtitle-safe lower zone."
B092,PASS,"Visual QC passed against locked beat meaning, factual/legal status, WHAT IT COST style, source/context treatment, and subtitle-safe lower zone."
B093,PASS,"Visual QC passed against locked beat meaning, factual/legal status, WHAT IT COST style, source/context treatment, and subtitle-safe lower zone."
B094,PASS,"Visual QC passed against locked beat meaning, factual/legal status, WHAT IT COST style, source/context treatment, and subtitle-safe lower zone."
B095,PASS,"Visual QC passed against locked beat meaning, factual/legal status, WHAT IT COST style, source/context treatment, and subtitle-safe lower zone."
B096,PASS,"Visual QC passed against locked beat meaning, factual/legal status, WHAT IT COST style, source/context treatment, and subtitle-safe lower zone."
B097,PASS,"Visual QC passed against locked beat meaning, factual/legal status, WHAT IT COST style, source/context treatment, and subtitle-safe lower zone."
B098,PASS,"Visual QC passed against locked beat meaning, factual/legal status, WHAT IT COST style, source/context treatment, and subtitle-safe lower zone."
B099,PASS,"Visual QC passed against locked beat meaning, factual/legal status, WHAT IT COST style, source/context treatment, and subtitle-safe lower zone."
B100,PASS,"Visual QC passed against locked beat meaning, factual/legal status, WHAT IT COST style, source/context treatment, and subtitle-safe lower zone."
B101,REPLACED_PASS,Generated frame invented $58.7M and failed the factual lock. Replaced at zero additional credits with deterministic frame keeping $3M criminal DPA separate from the $55.7M civil settlement package.
B102,PASS,"Visual QC passed against locked beat meaning, factual/legal status, WHAT IT COST style, source/context treatment, and subtitle-safe lower zone."
B103,PASS,"Visual QC passed against locked beat meaning, factual/legal status, WHAT IT COST style, source/context treatment, and subtitle-safe lower zone."
