beat_id,section,start,end,spoken_text,narrative_job,viewer_takeaway,audit_status,changes,old_primary_asset,new_primary_asset,production_route,template_id,frame_type,exact_text,legal_guardrail,source_missing,audit_note
B001,S01,0.000,5.400,"In August twenty nineteen, a couple in Massachusetts began receiving things that made no sense.",HOOK_EVIDENCE,MASSACHUSETTS — AUGUST 2019,REDIRECT,SOURCE_CHANGE;TEMPLATE_REDIRECT,NATICK_CENTER_2020_CC_BY_SA.jpg,NATICK_CENTER_2020_CC_BY_SA.jpg,SOURCE_STYLED_GENERATION,T06,timeline,MASSACHUSETTS — AUGUST 2019,,,"Narration, final-frame content, source binding and route re-aligned in R4."
B002,S01,6.340,7.000,Live insects.,HOOK_EVIDENCE,LIVE INSECTS,REDIRECT,SOURCE_CHANGE,DOJ_FBI_PIG_MASK_AND_BOOK.jpg,COCKROACH_CC0.jpg,SOURCE_STYLED_GENERATION,T01,evidence,LIVE INSECTS,,,"Narration, final-frame content, source binding and route re-aligned in R4."
B003,S01,7.760,8.660,Threatening messages.,HOOK_EVIDENCE,THREATENING MESSAGES,REDIRECT,SOURCE_CHANGE;TEMPLATE_REDIRECT,DC006_DELIVERIES_GPS_ATTEMPT.png,DC022_THREATENING_MESSAGES.png,SOURCE_STYLED_GENERATION,T03,document,THREATENING MESSAGES,,,"Narration, final-frame content, source binding and route re-aligned in R4."
B004,S01,9.480,10.480,A bloody pig mask.,HOOK_EVIDENCE,A BLOODY PIG MASK,REDIRECT,SOURCE_CHANGE,DOJ_FBI_PIG_MASK_AND_BOOK.jpg,DOJ_FBI_PIG_MASK_AND_BOOK.jpg,SOURCE_STYLED_GENERATION,T01,evidence,A BLOODY PIG MASK,Authentic evidence without horror/gore treatment.,,"Narration, final-frame content, source binding and route re-aligned in R4."
B005,S01,11.160,21.760,"And eventually, people connected to the campaign were watching them in person and trying to put a G-P-S tracker on their car. At first glance, this sounds like an internet stalking story.",HOOK_EVIDENCE,GPS TRACKER ATTEMPT — INSTALLATION NOT ESTABLISHED,REDIRECT,SOURCE_CHANGE;TEMPLATE_REDIRECT,NATURAL_EARTH_50M_US_STATES.zip,DC006_DELIVERIES_GPS_ATTEMPT.png,SOURCE_STYLED_GENERATION,T01,evidence,GPS TRACKER ATTEMPT — INSTALLATION NOT ESTABLISHED,Tracker attempted; installation not established.,,"Narration, final-frame content, source binding and route re-aligned in R4."
B006,S01,22.300,29.240,"But the people behind it were not anonymous trolls. They worked in, or with, the security organization of eBay.",HOOK_CONSEQUENCE,EBAY SECURITY,REDIRECT,SOURCE_CHANGE;TEMPLATE_REDIRECT,EBAY_HQ_2018_CC_BY_SA.jpg,EBAY_HQ_2018_CC_BY_SA.jpg,SOURCE_STYLED_GENERATION,T01,evidence,EBAY SECURITY,,,"Narration, final-frame content, source binding and route re-aligned in R4."
B007,S01,30.120,36.640,All seven former employees and contractors who were federally prosecuted over the campaign later pleaded guilty.,HOOK_CONSEQUENCE,SEVEN GUILTY PLEAS,REDIRECT,SOURCE_CHANGE;ROUTE_CHANGE,DC011_SEVEN_GUILTY_DOJ.png,DC011_SEVEN_GUILTY_DOJ.png,HYBRID_SOURCE_EDITORIAL,T07,accountability,SEVEN GUILTY PLEAS,,,"Narration, final-frame content, source binding and route re-aligned in R4."
B008,S01,37.380,52.660,"Years later, prosecutors filed criminal charges against eBay itself. The company entered a deferred prosecution agreement, admitted a detailed factual account, paid a three-million-dollar criminal penalty, and accepted an independent compliance monitor.",HOOK_CONSEQUENCE,$3M CRIMINAL PENALTY • INDEPENDENT MONITOR,REDIRECT,SOURCE_CHANGE;ROUTE_CHANGE;TEMPLATE_REDIRECT,S002_EBAY_DEFERRED_PROSECUTION_AGREEMENT.pdf,DC015_DPA_CRIMINAL_PENALTY.png,HYBRID_SOURCE_EDITORIAL,T04,money,$3M CRIMINAL PENALTY • INDEPENDENT MONITOR,DPA is not a conviction. $3M criminal DPA penalty is separate from the $55.7M civil settlement package.,,"Narration, final-frame content, source binding and route re-aligned in R4."
B009,S01,53.280,61.640,"And in July twenty twenty-six, the civil case ended in an announced settlement package worth fifty-five-point-seven million dollars.",HOOK_CONSEQUENCE,$55.7M SETTLEMENT PACKAGE,REDIRECT,SOURCE_CHANGE;ROUTE_CHANGE,S020_D986_STIPULATION_DISMISSAL.pdf,S020_D986_STIPULATION_DISMISSAL.pdf,HYBRID_SOURCE_EDITORIAL,T04,money,$55.7M SETTLEMENT PACKAGE,,,"Narration, final-frame content, source binding and route re-aligned in R4."
B010,S01,61.640,73.980,But the strangest part is not what arrived at the front door. It is how criticism of a company became a security problem inside that company — and how the consequences kept growing long after the harassment stopped.,HOOK_THESIS,CRITICISM → SECURITY → CONSEQUENCE,REDIRECT,SOURCE_CHANGE;TEMPLATE_REDIRECT;TEXT_CHANGE,NATICK_CENTER_2020_CC_BY_SA.jpg,EBAY_HQ_2018_CC_BY_SA.jpg,SOURCE_STYLED_GENERATION,T01,evidence,CRITICISM → SECURITY → CONSEQUENCE,,,"Narration, final-frame content, source binding and route re-aligned in R4."
B011,S02,74.680,82.100,"Ina and David Steiner ran EcommerceBytes, an independent publication covering online commerce since nineteen ninety-nine.",BACKGROUND_AND_SCALE,ECOMMERCEBYTES • SINCE 1999,REDIRECT,SOURCE_CHANGE;TEMPLATE_REDIRECT;TEXT_CHANGE,EBAY_HQ_2018_CC_BY_SA.jpg,DC018_CIVIL_COMPLAINT_COVER.png,SOURCE_STYLED_GENERATION,T01,evidence,ECOMMERCEBYTES • SINCE 1999,,,"Narration, final-frame content, source binding and route re-aligned in R4."
B012,S02,82.920,89.480,"The scale mismatch was obvious: an independent trade publication on one side, a global marketplace on the other.",BACKGROUND_AND_SCALE,SMALL PUBLICATION / GLOBAL MARKETPLACE,REDIRECT,SOURCE_CHANGE;TEMPLATE_REDIRECT,EBAY_HQ_2018_CC_BY_SA.jpg,DC018_CIVIL_COMPLAINT_COVER.png,SOURCE_STYLED_GENERATION,T01,evidence,SMALL PUBLICATION / GLOBAL MARKETPLACE,,,"Narration, final-frame content, source binding and route re-aligned in R4."
B013,S02,90.120,99.720,"But the Steiners covered eBay's world closely — sellers, marketplace rules, executive decisions, and the complaints of people who depended on platforms like eBay.",BACKGROUND_AND_SCALE,SELLERS • RULES • EXECUTIVE DECISIONS,REDIRECT,SOURCE_CHANGE;TEMPLATE_REDIRECT,EBAY_HQ_2018_CC_BY_SA.jpg,DC018_CIVIL_COMPLAINT_COVER.png,SOURCE_STYLED_GENERATION,T02,dossier,SELLERS • RULES • EXECUTIVE DECISIONS,,,"Narration, final-frame content, source binding and route re-aligned in R4."
B014,S02,100.540,110.020,"By spring twenty nineteen, a later federal court record shows that EcommerceBytes had become an increasing source of frustration for people inside eBay's leadership.",BACKGROUND_AND_SCALE,SPRING 2019,REDIRECT,SOURCE_CHANGE,DC018_CIVIL_COMPLAINT_COVER.png,DC018_CIVIL_COMPLAINT_COVER.png,SOURCE_STYLED_GENERATION,T03,document,SPRING 2019,,,"Narration, final-frame content, source binding and route re-aligned in R4."
B015,S02,110.440,119.260,The Steiners were not business rivals trying to take eBay's customers. They were publishers criticizing the company and giving readers a place to criticize it too.,BACKGROUND_AND_SCALE,"CRITICISM, NOT COMPETITION",REDIRECT,SOURCE_CHANGE;TEMPLATE_REDIRECT,EBAY_HQ_2018_CC_BY_SA.jpg,DC018_CIVIL_COMPLAINT_COVER.png,SOURCE_STYLED_GENERATION,T01,evidence,"CRITICISM, NOT COMPETITION",,,"Narration, final-frame content, source binding and route re-aligned in R4."
B016,S02,119.920,130.260,Companies face criticism every day. The real question is how criticism from two publishers became something people inside eBay's security organization were expected to solve.,BACKGROUND_AND_SCALE,HOW DID CRITICISM BECOME SECURITY?,REDIRECT,SOURCE_CHANGE;TEMPLATE_REDIRECT,EBAY_HQ_2018_CC_BY_SA.jpg,DC018_CIVIL_COMPLAINT_COVER.png,SOURCE_STYLED_GENERATION,T01,evidence,HOW DID CRITICISM BECOME SECURITY?,,,"Narration, final-frame content, source binding and route re-aligned in R4."
B017,S03,131.060,143.460,"The internal messages are where the story changes. In April twenty nineteen, Steve Wymer — eBay's communications chief — sent then-C-E-O Devin Wenig a message about an Ina Steiner article.",INTERNAL_EVIDENCE,THE INTERNAL MESSAGES,REDIRECT,SOURCE_CHANGE,DC001_CRUSH_THIS_LADY.png,DC001_CRUSH_THIS_LADY.png,SOURCE_STYLED_GENERATION,T03,document,THE INTERNAL MESSAGES,,,"Narration, final-frame content, source binding and route re-aligned in R4."
B018,S03,144.140,146.920,His words were: “We are going to crush this lady.”,INTERNAL_EVIDENCE,“WE ARE GOING TO CRUSH THIS LADY.”,REDIRECT,TEMPLATE_REDIRECT,DC001_CRUSH_THIS_LADY.png,DC001_CRUSH_THIS_LADY.png,SOURCE_NATIVE_EDITORIAL,T01,evidence,“WE ARE GOING TO CRUSH THIS LADY.”,,,"Narration, final-frame content, source binding and route re-aligned in R4."
B019,S03,147.600,152.740,"Weeks later, according to the federal court record, Wenig told Wymer to “take her down.”",INTERNAL_EVIDENCE,“TAKE HER DOWN.”,REDIRECT,SOURCE_CHANGE,DC003_TAKE_HER_DOWN.png,DC003_TAKE_HER_DOWN.png,SOURCE_NATIVE_EDITORIAL,T03,document,“TAKE HER DOWN.”,,,"Narration, final-frame content, source binding and route re-aligned in R4."
B020,S03,153.580,159.860,"And on August first, another message from Wenig said that if they were ever going to act, “now is the time.”",INTERNAL_EVIDENCE,“NOW IS THE TIME.”,REDIRECT,SOURCE_CHANGE,DC004_NOW_IS_THE_TIME.png,DC004_NOW_IS_THE_TIME.png,SOURCE_NATIVE_EDITORIAL,T03,document,“NOW IS THE TIME.”,,,"Narration, final-frame content, source binding and route re-aligned in R4."
B021,S03,160.680,168.060,"Those words are dramatic. But they are not, by themselves, proof that Wenig or any other executive ordered the crimes that followed.",INTERNAL_EVIDENCE,WORDS ≠ PROOF OF AN ORDER,REDIRECT,SOURCE_CHANGE;ROUTE_CHANGE;TEXT_CHANGE,S009_D711_SUMMARY_JUDGMENT_ORDER.pdf,S009_D711_SUMMARY_JUDGMENT_ORDER.pdf,HYBRID_SOURCE_EDITORIAL,T02,dossier,WORDS ≠ PROOF OF AN ORDER,,,"Narration, final-frame content, source binding and route re-aligned in R4."
B022,S03,168.740,179.680,The later court record says Jim Baugh — the head of eBay security — testified that Wenig never communicated directly with him about the Steiners. Wenig's relevant communications went through Wymer.,LEGAL_OR_CAUSAL_CLARIFIER,NO DIRECT COMMUNICATION WITH BAUGH,REDIRECT,SOURCE_CHANGE;TEMPLATE_REDIRECT,DC008_WENIG_NO_DIRECT_BAUGH.png,DC008_WENIG_NO_DIRECT_BAUGH.png,SOURCE_NATIVE_EDITORIAL,T03,document,NO DIRECT COMMUNICATION WITH BAUGH,,,"Narration, final-frame content, source binding and route re-aligned in R4."
B023,S03,180.260,189.800,"Still, inside the organization, the language was escalating. Wymer's messages to Baugh became increasingly ag gressive, including the phrase “Whatever it takes.”",INTERNAL_EVIDENCE,“WHATEVER IT TAKES.”,PASS,,S009_D711_SUMMARY_JUDGMENT_ORDER.pdf,S009_D711_SUMMARY_JUDGMENT_ORDER.pdf,SOURCE_STYLED_GENERATION,T03,document,“WHATEVER IT TAKES.”,,,"Narration, final-frame content, source binding and route re-aligned in R4."
B024,S03,190.560,194.220,Another executive relationship was pulling the issue toward security too.,LEGAL_OR_CAUSAL_CLARIFIER,THE ISSUE MOVED TOWARD SECURITY,REDIRECT,SOURCE_CHANGE,S009_D711_SUMMARY_JUDGMENT_ORDER.pdf,OFFICE_INTERIOR_CC0.jpg,SOURCE_STYLED_GENERATION,T02,dossier,THE ISSUE MOVED TOWARD SECURITY,,,"Narration, final-frame content, source binding and route re-aligned in R4."
B025,S03,194.950,204.200,"Wendy Jones — Baugh's direct supervisor — told him, according to the court record, to handle the issue “off the radar” and said she did not want details.",INTERNAL_EVIDENCE,“OFF THE RADAR.”,REDIRECT,SOURCE_CHANGE;TEMPLATE_REDIRECT,DC002_OFF_THE_RADAR.png,DC002_OFF_THE_RADAR.png,SOURCE_NATIVE_EDITORIAL,T03,document,“OFF THE RADAR.”,,,"Narration, final-frame content, source binding and route re-aligned in R4."
B026,S03,205.240,216.120,"That is not the same as a finding that Jones knew what the security team would later do. But by this point, criticism from two publishers was no longer being discussed only as a communications problem.",LEGAL_OR_CAUSAL_CLARIFIER,LEGAL LIMITATION,REDIRECT,ROUTE_CHANGE;TEXT_CHANGE,S009_D711_SUMMARY_JUDGMENT_ORDER.pdf,S009_D711_SUMMARY_JUDGMENT_ORDER.pdf,HYBRID_SOURCE_EDITORIAL,T02,dossier,LEGAL LIMITATION,,,"Narration, final-frame content, source binding and route re-aligned in R4."
B027,S03,216.740,218.300,It had entered the security chain.,LEGAL_OR_CAUSAL_CLARIFIER,INTO THE SECURITY CHAIN,REDIRECT,SOURCE_CHANGE;TEMPLATE_REDIRECT;TEXT_CHANGE,S009_D711_SUMMARY_JUDGMENT_ORDER.pdf,OFFICE_INTERIOR_CC0.jpg,SOURCE_STYLED_GENERATION,T01,evidence,INTO THE SECURITY CHAIN,,,"Narration, final-frame content, source binding and route re-aligned in R4."
B028,S04,219.200,226.140,"Before the most notorious phase of the campaign, members of Baugh's security operation had already traveled to Massachusetts.",ESCALATION_TO_OPERATION,MASSACHUSETTS — BEFORE AUGUST 2019,REDIRECT,SOURCE_CHANGE;TEMPLATE_REDIRECT,NATICK_CENTER_2020_CC_BY_SA.jpg,NATICK_CENTER_2020_CC_BY_SA.jpg,SOURCE_STYLED_GENERATION,T02,dossier,MASSACHUSETTS — BEFORE AUGUST 2019,,,"Narration, final-frame content, source binding and route re-aligned in R4."
B029,S04,227.160,241.820,"During an early trip, security employee Brian Gilbert surveilled the Steiners and spray-painted “FidoMaster” on their fence — a username used by a commenter on EcommerceBytes whom the security team believed was connected to the Steiners.",ESCALATION_TO_OPERATION,FIDOMASTER,REDIRECT,SOURCE_CHANGE;TEMPLATE_REDIRECT,NATICK_CENTER_2020_CC_BY_SA.jpg,DC005_FIDOMASTER_JUNE8.png,SOURCE_STYLED_GENERATION,T01,evidence,FIDOMASTER,,,"Narration, final-frame content, source binding and route re-aligned in R4."
B030,S04,242.560,252.480,Baugh later described the trip to Wymer as a “tap on the shoulder.” That moment matters because it shows how the problem was being translated inside the company.,ESCALATION_TO_OPERATION,“A TAP ON THE SHOULDER.”,REDIRECT,SOURCE_CHANGE;TEMPLATE_REDIRECT,DC005_FIDOMASTER_JUNE8.png,DC005_FIDOMASTER_JUNE8.png,SOURCE_STYLED_GENERATION,T02,dossier,“A TAP ON THE SHOULDER.”,,,"Narration, final-frame content, source binding and route re-aligned in R4."
B031,S04,253.440,262.820,"At the top, there was anger about criticism. In the middle, increasingly forceful messages. At the security level, those messages were becoming action.",ESCALATION_TO_OPERATION,ANGER → MESSAGES → ACTION,REDIRECT,SOURCE_CHANGE;TEMPLATE_REDIRECT,DC005_FIDOMASTER_JUNE8.png,DC001_CRUSH_THIS_LADY.png,SOURCE_STYLED_GENERATION,T03,document,ANGER → MESSAGES → ACTION,,,"Narration, final-frame content, source binding and route re-aligned in R4."
B032,S04,263.740,273.040,"Then the process became more organized. On August sixth, Baugh held meetings with security-team members to plan an operation against the Steiners.",ESCALATION_TO_OPERATION,"AUGUST 6, 2019 — OPERATION PLANNING",REDIRECT,SOURCE_CHANGE;TEMPLATE_REDIRECT,DC005_FIDOMASTER_JUNE8.png,S009_D711_SUMMARY_JUDGMENT_ORDER.pdf,SOURCE_STYLED_GENERATION,T02,dossier,"AUGUST 6, 2019 — OPERATION PLANNING",,,"Narration, final-frame content, source binding and route re-aligned in R4."
B033,S04,273.860,283.080,"The plan included unwanted deliveries and online harassment. The next day, Baugh met with Wymer. And then the operation accelerated.",ESCALATION_TO_OPERATION,THE OPERATION ACCELERATED,REDIRECT,SOURCE_CHANGE;TEMPLATE_REDIRECT,DC005_FIDOMASTER_JUNE8.png,PARCEL_CC0.webp,SOURCE_STYLED_GENERATION,T02,dossier,THE OPERATION ACCELERATED,,,"Narration, final-frame content, source binding and route re-aligned in R4."
B034,S05,284.180,293.200,The Steiners began receiving threatening online messages and disturbing deliveries. The admitted record includes live insects and a bloody pig mask.,OPERATION_AND_SURVEILLANCE,THREATENING MESSAGES • LIVE INSECTS • PIG MASK,REDIRECT,SOURCE_CHANGE;TEMPLATE_REDIRECT,DOJ_FBI_PIG_MASK_AND_BOOK.jpg,DC022_THREATENING_MESSAGES.png,SOURCE_STYLED_GENERATION,T03,document,THREATENING MESSAGES • LIVE INSECTS • PIG MASK,Authentic evidence without horror/gore treatment.,,"Narration, final-frame content, source binding and route re-aligned in R4."
B035,S05,294.220,300.920,There were also Craigslist posts designed to send strangers toward the Steiners and other messages intended to frighten them.,OPERATION_AND_SURVEILLANCE,CRAIGSLIST POSTS,REDIRECT,SOURCE_CHANGE;TEMPLATE_REDIRECT,DOJ_FBI_PIG_MASK_AND_BOOK.jpg,DC021_CRAIGSLIST_HARASSMENT.png,SOURCE_STYLED_GENERATION,T03,document,CRAIGSLIST POSTS,,,"Narration, final-frame content, source binding and route re-aligned in R4."
B036,S05,301.780,308.420,The details are bizarre enough to make the story feel almost unreal. But the key point is that this was organized.,OPERATION_AND_SURVEILLANCE,"ORGANIZED, NOT RANDOM",REDIRECT,SOURCE_CHANGE;TEMPLATE_REDIRECT;TEXT_CHANGE,DOJ_FBI_PIG_MASK_AND_BOOK.jpg,DOJ_FBI_PIG_MASK_AND_BOOK.jpg,SOURCE_STYLED_GENERATION,T01,evidence,"ORGANIZED, NOT RANDOM",,,"Narration, final-frame content, source binding and route re-aligned in R4."
B037,S05,309.400,318.820,"People were planning activities, traveling, communicating, and using corporate-security personnel and resources around a campaign directed at two private citizens.",OPERATION_AND_SURVEILLANCE,PLANNING • TRAVEL • CORPORATE SECURITY,REDIRECT,SOURCE_CHANGE;TEXT_CHANGE,DOJ_FBI_PIG_MASK_AND_BOOK.jpg,OFFICE_INTERIOR_CC0.jpg,SOURCE_STYLED_GENERATION,T06,timeline,PLANNING • TRAVEL • CORPORATE SECURITY,,,"Narration, final-frame content, source binding and route re-aligned in R4."
B038,S05,319.880,328.140,"Then the line moved again. On August fifteenth, Baugh, David Harville and Veronica Zea traveled to the Steiners' area.",OPERATION_AND_SURVEILLANCE,"AUGUST 15, 2019",REDIRECT,SOURCE_CHANGE;TEMPLATE_REDIRECT;TEXT_CHANGE,DOJ_FBI_PIG_MASK_AND_BOOK.jpg,NATICK_CENTER_2020_CC_BY_SA.jpg,SOURCE_STYLED_GENERATION,T02,dossier,"AUGUST 15, 2019",,,"Narration, final-frame content, source binding and route re-aligned in R4."
B039,S05,328.940,337.480,"According to the federal court record, they attempted to install a G-P-S tracker on the Steiners' vehicle. They also surveilled and followed the couple.",OPERATION_AND_SURVEILLANCE,GPS TRACKER ATTEMPT,REDIRECT,SOURCE_CHANGE;TEMPLATE_REDIRECT,DOJ_FBI_PIG_MASK_AND_BOOK.jpg,DC006_DELIVERIES_GPS_ATTEMPT.png,SOURCE_STYLED_GENERATION,T03,document,GPS TRACKER ATTEMPT,Tracker attempted; installation not established.,,"Narration, final-frame content, source binding and route re-aligned in R4."
B040,S05,338.340,349.320,The tracker was not established as successfully installed. But the attempt changed the nature of the story. This was no longer just anonymous online harassment or disturbing deliveries.,OPERATION_AND_SURVEILLANCE,ATTEMPTED — NOT INSTALLED,REDIRECT,SOURCE_CHANGE;ROUTE_CHANGE;TEMPLATE_REDIRECT,DOJ_FBI_PIG_MASK_AND_BOOK.jpg,DC007_GPS_GARAGE_ATTEMPT.png,HYBRID_SOURCE_EDITORIAL,T01,evidence,ATTEMPTED — NOT INSTALLED,Tracker attempted; installation not established.,,"Narration, final-frame content, source binding and route re-aligned in R4."
B041,S05,350.380,355.800,"It had become a physical surveillance operation. And the next day, the Steiners went to the police.",OPERATION_AND_SURVEILLANCE,PHYSICAL SURVEILLANCE,REDIRECT,SOURCE_CHANGE;TEXT_CHANGE,DOJ_FBI_PIG_MASK_AND_BOOK.jpg,NATICK_CENTER_2020_CC_BY_SA.jpg,SOURCE_STYLED_GENERATION,T05,map_location,PHYSICAL SURVEILLANCE,,,"Narration, final-frame content, source binding and route re-aligned in R4."
B042,S06,356.860,366.060,"Natick police began investigating on August sixteenth, twenty nineteen. That should have ended the operation. Instead, it created a second problem.",INVESTIGATION_AND_OBSTRUCTION,"AUGUST 16, 2019 — POLICE INVESTIGATION",REDIRECT,SOURCE_CHANGE;TEMPLATE_REDIRECT;TEXT_CHANGE,NATICK_CENTER_2020_CC_BY_SA.jpg,DC023_OBSTRUCTION_DELETION.png,SOURCE_STYLED_GENERATION,T06,timeline,"AUGUST 16, 2019 — POLICE INVESTIGATION",,,"Narration, final-frame content, source binding and route re-aligned in R4."
B043,S06,366.980,374.300,The first was what the security team had done. The second was what members of that team did once investigators started asking questions.,INVESTIGATION_AND_OBSTRUCTION,A SECOND PROBLEM,REDIRECT,SOURCE_CHANGE;TEMPLATE_REDIRECT,DC023_OBSTRUCTION_DELETION.png,DC023_OBSTRUCTION_DELETION.png,SOURCE_STYLED_GENERATION,T01,evidence,A SECOND PROBLEM,,,"Narration, final-frame content, source binding and route re-aligned in R4."
B044,S06,375.480,384.240,"The record admitted by eBay and described by federal prosecutors includes false statements, deletion of digital evidence, and falsified records.",INVESTIGATION_AND_OBSTRUCTION,FALSE STATEMENTS • DELETED EVIDENCE • FALSIFIED RECORDS,REDIRECT,SOURCE_CHANGE;ROUTE_CHANGE;TEMPLATE_REDIRECT,DC023_OBSTRUCTION_DELETION.png,DC023_OBSTRUCTION_DELETION.png,HYBRID_SOURCE_EDITORIAL,T01,evidence,FALSE STATEMENTS • DELETED EVIDENCE • FALSIFIED RECORDS,,,"Narration, final-frame content, source binding and route re-aligned in R4."
B045,S06,385.280,394.160,"A security organization that existed to reduce risk had now created two kinds of risk: the operation itself, and the effort to conceal it.",INVESTIGATION_AND_OBSTRUCTION,OPERATION + CONCEALMENT,REDIRECT,SOURCE_CHANGE;TEMPLATE_REDIRECT;TEXT_CHANGE,DC023_OBSTRUCTION_DELETION.png,DC023_OBSTRUCTION_DELETION.png,SOURCE_STYLED_GENERATION,T01,evidence,OPERATION + CONCEALMENT,,,"Narration, final-frame content, source binding and route re-aligned in R4."
B046,S06,395.020,410.060,"eBay began its own internal investigation days later. By the end of August, several security employees had been placed on leave. Over time, key members of the operation were removed or terminated, and one contractor's relationship ended.",INVESTIGATION_AND_OBSTRUCTION,INTERNAL INVESTIGATION,REDIRECT,SOURCE_CHANGE;TEMPLATE_REDIRECT,NATICK_CENTER_2020_CC_BY_SA.jpg,DC023_OBSTRUCTION_DELETION.png,SOURCE_STYLED_GENERATION,T06,timeline,INTERNAL INVESTIGATION,,,"Narration, final-frame content, source binding and route re-aligned in R4."
B047,S06,410.900,415.800,But internal discipline was only the beginning. Federal prosecutors were coming next.,INVESTIGATION_AND_OBSTRUCTION,FEDERAL PROSECUTORS,REDIRECT,SOURCE_CHANGE;TEMPLATE_REDIRECT;TEXT_CHANGE,DC023_OBSTRUCTION_DELETION.png,DC023_OBSTRUCTION_DELETION.png,SOURCE_STYLED_GENERATION,T01,evidence,FEDERAL PROSECUTORS,,,"Narration, final-frame content, source binding and route re-aligned in R4."
B048,S07,416.540,422.360,"Beginning in twenty twenty, federal prosecutors brought criminal cases against people involved in the campaign.",INDIVIDUAL_CRIMINAL_ACCOUNTABILITY,FEDERAL CASES BEGIN — 2020,REDIRECT,SOURCE_CHANGE;TEMPLATE_REDIRECT;TEXT_CHANGE,S004_DOJ_FINAL_DEFENDANT_PAGE.pdf,DC011_SEVEN_GUILTY_DOJ.png,SOURCE_STYLED_GENERATION,T01,evidence,FEDERAL CASES BEGIN — 2020,,,"Narration, final-frame content, source binding and route re-aligned in R4."
B049,S07,423.480,429.180,"Eventually, all seven former eBay employees and contractors who were prosecuted pleaded guilty.",INDIVIDUAL_CRIMINAL_ACCOUNTABILITY,SEVEN GUILTY PLEAS,REDIRECT,SOURCE_CHANGE;ROUTE_CHANGE,S004_DOJ_FINAL_DEFENDANT_PAGE.pdf,DC011_SEVEN_GUILTY_DOJ.png,HYBRID_SOURCE_EDITORIAL,T07,accountability,SEVEN GUILTY PLEAS,,,"Narration, final-frame content, source binding and route re-aligned in R4."
B050,S07,430.420,439.600,A guilty plea is not an allegation. It establishes criminal guilt without a trial. Jim Baugh received fifty-seven months in prison.,INDIVIDUAL_CRIMINAL_ACCOUNTABILITY,JIM BAUGH — 57 MONTHS,REDIRECT,SOURCE_CHANGE,S004_DOJ_FINAL_DEFENDANT_PAGE.pdf,DC012_BAUGH_HARVILLE_SENTENCES_DOJ.png,SOURCE_NATIVE_EDITORIAL,T07,accountability,JIM BAUGH — 57 MONTHS,,,"Narration, final-frame content, source binding and route re-aligned in R4."
B051,S07,440.920,449.880,"David Harville received twenty-four months. Other participants received combinations of prison, probation, home confinement, and financial penalties.",INDIVIDUAL_CRIMINAL_ACCOUNTABILITY,DAVID HARVILLE — 24 MONTHS,REDIRECT,SOURCE_CHANGE,S004_DOJ_FINAL_DEFENDANT_PAGE.pdf,DC012_BAUGH_HARVILLE_SENTENCES_DOJ.png,SOURCE_NATIVE_EDITORIAL,T07,accountability,DAVID HARVILLE — 24 MONTHS,,,"Narration, final-frame content, source binding and route re-aligned in R4."
B052,S07,451.340,460.880,"By twenty twenty-four, the individual criminal cases had produced a clear story of personal accountability. And from a distance, that can look like the ending.",INDIVIDUAL_CRIMINAL_ACCOUNTABILITY,PERSONAL ACCOUNTABILITY,REDIRECT,SOURCE_CHANGE;TEMPLATE_REDIRECT;TEXT_CHANGE,S004_DOJ_FINAL_DEFENDANT_PAGE.pdf,DC011_SEVEN_GUILTY_DOJ.png,SOURCE_STYLED_GENERATION,T01,evidence,PERSONAL ACCOUNTABILITY,,,"Narration, final-frame content, source binding and route re-aligned in R4."
B053,S07,462.060,468.780,eBay had removed key members of the security operation. The people who were federally prosecuted had pleaded guilty.,INDIVIDUAL_CRIMINAL_ACCOUNTABILITY,ALL SEVEN PROSECUTED PLEADED GUILTY,REDIRECT,SOURCE_CHANGE;ROUTE_CHANGE;TEXT_CHANGE,S004_DOJ_FINAL_DEFENDANT_PAGE.pdf,DC011_SEVEN_GUILTY_DOJ.png,HYBRID_SOURCE_EDITORIAL,T07,accountability,ALL SEVEN PROSECUTED PLEADED GUILTY,,,"Narration, final-frame content, source binding and route re-aligned in R4."
B054,S07,469.980,476.000,But federal prosecutors eventually turned from the individuals inside the company to the company itself.,INDIVIDUAL_CRIMINAL_ACCOUNTABILITY,FROM INDIVIDUALS TO THE COMPANY,REDIRECT,SOURCE_CHANGE;TEMPLATE_REDIRECT;TEXT_CHANGE,S004_DOJ_FINAL_DEFENDANT_PAGE.pdf,DC011_SEVEN_GUILTY_DOJ.png,SOURCE_STYLED_GENERATION,T01,evidence,FROM INDIVIDUALS TO THE COMPANY,,,"Narration, final-frame content, source binding and route re-aligned in R4."
B055,S08,477.340,483.160,"In January twenty twenty-four, prosecutors filed a six-count criminal Information against eBay.",CORPORATE_CRIMINAL_RESOLUTION,JANUARY 2024 — SIX-COUNT INFORMATION,REDIRECT,SOURCE_CHANGE;TEXT_CHANGE,DC015_DPA_CRIMINAL_PENALTY.png,S003_EBAY_CRIMINAL_INFORMATION.pdf,SOURCE_NATIVE_EDITORIAL,T03,document,JANUARY 2024 — SIX-COUNT INFORMATION,,,"Narration, final-frame content, source binding and route re-aligned in R4."
B056,S08,484.200,495.500,"The counts included interstate stalking, stalking through electronic communications, witness tampering, and destruction or falsification of records connected to a federal investigation.",CORPORATE_CRIMINAL_RESOLUTION,STALKING • WITNESS TAMPERING • RECORDS,REDIRECT,SOURCE_CHANGE;TEMPLATE_REDIRECT;TEXT_CHANGE,DC015_DPA_CRIMINAL_PENALTY.png,S003_EBAY_CRIMINAL_INFORMATION.pdf,SOURCE_NATIVE_EDITORIAL,T01,evidence,STALKING • WITNESS TAMPERING • RECORDS,,,"Narration, final-frame content, source binding and route re-aligned in R4."
B057,S08,496.900,499.300,But eBay was not convicted on those charges.,CORPORATE_CRIMINAL_RESOLUTION,DPA ≠ CONVICTION,REDIRECT,SOURCE_CHANGE,DC015_DPA_CRIMINAL_PENALTY.png,DC015_DPA_CRIMINAL_PENALTY.png,SOURCE_NATIVE_EDITORIAL,T03,document,DPA ≠ CONVICTION,DPA is not a conviction.,,"Narration, final-frame content, source binding and route re-aligned in R4."
B058,S08,500.300,503.880,"Instead, the company entered a deferred prosecution agreement.",CORPORATE_CRIMINAL_RESOLUTION,DEFERRED PROSECUTION AGREEMENT,REDIRECT,SOURCE_CHANGE;TEMPLATE_REDIRECT,DC015_DPA_CRIMINAL_PENALTY.png,DC015_DPA_CRIMINAL_PENALTY.png,SOURCE_NATIVE_EDITORIAL,T01,evidence,DEFERRED PROSECUTION AGREEMENT,DPA is not a conviction.,,"Narration, final-frame content, source binding and route re-aligned in R4."
B059,S08,505.020,508.380,A deferred prosecution agreement works differently from a conviction.,CORPORATE_CRIMINAL_RESOLUTION,DPA ≠ CONVICTION,REDIRECT,SOURCE_CHANGE;TEXT_CHANGE,DC015_DPA_CRIMINAL_PENALTY.png,DC015_DPA_CRIMINAL_PENALTY.png,SOURCE_NATIVE_EDITORIAL,T03,document,DPA ≠ CONVICTION,DPA is not a conviction.,,"Narration, final-frame content, source binding and route re-aligned in R4."
B060,S08,509.420,524.080,"The government files charges, but prosecution is held back while the company complies with negotiated conditions. If the agreement is completed successfully, the criminal case is intended to end without a trial on those corporate charges.",CORPORATE_CRIMINAL_RESOLUTION,CHARGES FILED • PROSECUTION DEFERRED,REDIRECT,SOURCE_CHANGE;TEMPLATE_REDIRECT;TEXT_CHANGE,DC015_DPA_CRIMINAL_PENALTY.png,DC015_DPA_CRIMINAL_PENALTY.png,SOURCE_NATIVE_EDITORIAL,T01,evidence,CHARGES FILED • PROSECUTION DEFERRED,DPA is not a conviction.,,"Narration, final-frame content, source binding and route re-aligned in R4."
B061,S08,525.140,528.120,"For eBay, the agreement came with real consequences.",CORPORATE_CRIMINAL_RESOLUTION,CORPORATE CONSEQUENCES,REDIRECT,SOURCE_CHANGE;ROUTE_CHANGE;TEMPLATE_REDIRECT;TEXT_CHANGE,DC015_DPA_CRIMINAL_PENALTY.png,DC015_DPA_CRIMINAL_PENALTY.png,HYBRID_SOURCE_EDITORIAL,T01,evidence,CORPORATE CONSEQUENCES,DPA is not a conviction.,,"Narration, final-frame content, source binding and route re-aligned in R4."
B062,S08,529.300,536.780,The company admitted a detailed factual account of the conduct. It agreed to pay a three-million-dollar criminal penalty.,CORPORATE_CRIMINAL_RESOLUTION,$3M CRIMINAL PENALTY,REDIRECT,SOURCE_CHANGE,S002_EBAY_DEFERRED_PROSECUTION_AGREEMENT.pdf,DC015_DPA_CRIMINAL_PENALTY.png,SOURCE_NATIVE_EDITORIAL,T04,money,$3M CRIMINAL PENALTY,DPA is not a conviction. $3M criminal DPA penalty is separate from the $55.7M civil settlement package.,,"Narration, final-frame content, source binding and route re-aligned in R4."
B063,S08,537.600,544.240,"And it accepted an independent compliance monitor for three years, along with cooperation and compliance obligations.",CORPORATE_CRIMINAL_RESOLUTION,3-YEAR INDEPENDENT MONITOR,REDIRECT,SOURCE_CHANGE;TEMPLATE_REDIRECT;TEXT_CHANGE,DC015_DPA_CRIMINAL_PENALTY.png,DC015_DPA_CRIMINAL_PENALTY.png,SOURCE_NATIVE_EDITORIAL,T01,evidence,3-YEAR INDEPENDENT MONITOR,DPA is not a conviction.,,"Narration, final-frame content, source binding and route re-aligned in R4."
B064,S08,545.640,555.980,"At that point, the legal consequences no longer belonged only to individuals. eBay itself had entered a federal criminal resolution tied to the conduct.",CORPORATE_CRIMINAL_RESOLUTION,EBAY — FEDERAL CRIMINAL RESOLUTION,REDIRECT,SOURCE_CHANGE;ROUTE_CHANGE;TEMPLATE_REDIRECT;TEXT_CHANGE,DC015_DPA_CRIMINAL_PENALTY.png,DC015_DPA_CRIMINAL_PENALTY.png,HYBRID_SOURCE_EDITORIAL,T01,evidence,EBAY — FEDERAL CRIMINAL RESOLUTION,DPA is not a conviction.,,"Narration, final-frame content, source binding and route re-aligned in R4."
B065,S08,556.820,565.860,But one major question was still unresolved. How far up the organization could civil responsibility for the campaign extend?,CORPORATE_CRIMINAL_RESOLUTION,HOW FAR UP DID RESPONSIBILITY GO?,REDIRECT,SOURCE_CHANGE;ROUTE_CHANGE;TEMPLATE_REDIRECT;TEXT_CHANGE,S002_EBAY_DEFERRED_PROSECUTION_AGREEMENT.pdf,EBAY_HQ_2018_CC_BY_SA.jpg,HYBRID_SOURCE_EDITORIAL,T01,evidence,HOW FAR UP DID RESPONSIBILITY GO?,,,"Narration, final-frame content, source binding and route re-aligned in R4."
B066,S08,566.960,569.300,That question was moving toward a jury.,CORPORATE_CRIMINAL_RESOLUTION,TOWARD A JURY,REDIRECT,SOURCE_CHANGE;ROUTE_CHANGE;TEMPLATE_REDIRECT;TEXT_CHANGE,S002_EBAY_DEFERRED_PROSECUTION_AGREEMENT.pdf,LIVE_MOAKLEY_COURTHOUSE_CC0.jpg,HYBRID_SOURCE_EDITORIAL,T03,document,TOWARD A JURY,,,"Narration, final-frame content, source binding and route re-aligned in R4."
B067,S09,570.640,574.500,The Steiners filed their federal civil case in July twenty twenty-one.,CIVIL_RESPONSIBILITY,JULY 2021 — CIVIL CASE FILED,REDIRECT,SOURCE_CHANGE;TEMPLATE_REDIRECT,DC018_CIVIL_COMPLAINT_COVER.png,DC018_CIVIL_COMPLAINT_COVER.png,SOURCE_NATIVE_EDITORIAL,T06,timeline,JULY 2021 — CIVIL CASE FILED,,,"Narration, final-frame content, source binding and route re-aligned in R4."
B068,S09,575.640,580.400,"Four years later, Judge Patti Saris issued a major summary-judgment order.",CIVIL_RESPONSIBILITY,2025 — SUMMARY JUDGMENT,REDIRECT,SOURCE_CHANGE,DC018_CIVIL_COMPLAINT_COVER.png,DC010_SUMMARY_JUDGMENT_ORDER.png,SOURCE_NATIVE_EDITORIAL,T03,document,2025 — SUMMARY JUDGMENT,,,"Narration, final-frame content, source binding and route re-aligned in R4."
B069,S09,581.040,593.080,"At this stage, the key distinction is simple: allowing a claim to continue does not mean a defendant has been found liable. It means the issue can still be decided by a jury.",CIVIL_RESPONSIBILITY,SURVIVING CLAIM ≠ LIABILITY,REDIRECT,SOURCE_CHANGE,DC018_CIVIL_COMPLAINT_COVER.png,DC010_SUMMARY_JUDGMENT_ORDER.png,SOURCE_NATIVE_EDITORIAL,T03,document,SURVIVING CLAIM ≠ LIABILITY,Surviving civil claim / jury question is not final liability.,,"Narration, final-frame content, source binding and route re-aligned in R4."
B070,S09,593.800,603.440,And the court treated different defendants differently. A security contractor named P-F-C won summary judgment on the claims against it.,CIVIL_RESPONSIBILITY,PFC WON SUMMARY JUDGMENT,REDIRECT,SOURCE_CHANGE;TEMPLATE_REDIRECT;TEXT_CHANGE,DC018_CIVIL_COMPLAINT_COVER.png,DC010_SUMMARY_JUDGMENT_ORDER.png,SOURCE_NATIVE_EDITORIAL,T01,evidence,PFC WON SUMMARY JUDGMENT,Surviving civil claim / jury question is not final liability.,,"Narration, final-frame content, source binding and route re-aligned in R4."
B071,S09,604.100,608.760,But significant claims involving eBay and former executives survived.,CIVIL_RESPONSIBILITY,CLAIMS AGAINST EBAY / EXECUTIVES SURVIVED,REDIRECT,SOURCE_CHANGE;TEXT_CHANGE,DC018_CIVIL_COMPLAINT_COVER.png,DC010_SUMMARY_JUDGMENT_ORDER.png,SOURCE_NATIVE_EDITORIAL,T02,dossier,CLAIMS AGAINST EBAY / EXECUTIVES SURVIVED,Surviving civil claim / jury question is not final liability.,,"Narration, final-frame content, source binding and route re-aligned in R4."
B072,S09,609.660,619.440,"For Devin Wenig, the record included an important limitation: Baugh testified that Wenig had not communicated with him directly about the Steiners.",CIVIL_RESPONSIBILITY,NO DIRECT BAUGH COMMUNICATION,REDIRECT,SOURCE_CHANGE;TEXT_CHANGE,LIVE_DEVIN_WENIG_COMMONS.jpg,DC008_WENIG_NO_DIRECT_BAUGH.png,SOURCE_NATIVE_EDITORIAL,T02,dossier,NO DIRECT BAUGH COMMUNICATION,Surviving civil claim / jury question is not final liability. Wenig/Wymer/Jones were not criminally charged over the campaign; preserve attributed positions.,,"Narration, final-frame content, source binding and route re-aligned in R4."
B073,S09,620.240,633.060,"At the same time, the judge held that, viewing the evidence in the Steiners' favor as required at that stage, a jury could potentially find Wenig's encouragement was a substantial factor in what followed.",CIVIL_RESPONSIBILITY,JURY QUESTION — NOT FINAL LIABILITY,REDIRECT,SOURCE_CHANGE;TEMPLATE_REDIRECT;TEXT_CHANGE,LIVE_DEVIN_WENIG_COMMONS.jpg,DC008_WENIG_NO_DIRECT_BAUGH.png,SOURCE_NATIVE_EDITORIAL,T03,document,JURY QUESTION — NOT FINAL LIABILITY,Surviving civil claim / jury question is not final liability. Wenig/Wymer/Jones were not criminally charged over the campaign; preserve attributed positions.,,"Narration, final-frame content, source binding and route re-aligned in R4."
B074,S09,634.080,650.940,"Wenig disputed that interpretation. His lawyers said he had no knowledge of or involvement in the harassment campaign, did not approve or authorize it, and argued that his messages concerned a public-relations response to the Steiners' reporting.",CIVIL_RESPONSIBILITY,WENIG DISPUTED THAT INTERPRETATION,REDIRECT,SOURCE_CHANGE;TEMPLATE_REDIRECT,LIVE_DEVIN_WENIG_COMMONS.jpg,DC008_WENIG_NO_DIRECT_BAUGH.png,SOURCE_NATIVE_EDITORIAL,T03,document,WENIG DISPUTED THAT INTERPRETATION,Surviving civil claim / jury question is not final liability. Wenig/Wymer/Jones were not criminally charged over the campaign; preserve attributed positions.,,"Narration, final-frame content, source binding and route re-aligned in R4."
B075,S09,652.280,663.820,"For Steve Wymer, the court pointed to a more extensive communication record and held that a reasonable jury could find he had induced, encouraged or authorized tortious conduct.",CIVIL_RESPONSIBILITY,A REASONABLE JURY COULD FIND…,REDIRECT,SOURCE_CHANGE;TEMPLATE_REDIRECT;TEXT_CHANGE,DC009_WYMER_REASONABLE_JUROR.png,DC009_WYMER_REASONABLE_JUROR.png,SOURCE_NATIVE_EDITORIAL,T03,document,A REASONABLE JURY COULD FIND…,Surviving civil claim / jury question is not final liability.,,"Narration, final-frame content, source binding and route re-aligned in R4."
B076,S09,664.560,667.640,"Again, that was not a final finding of liability.",CIVIL_RESPONSIBILITY,NOT A FINAL FINDING,REDIRECT,SOURCE_CHANGE;TEMPLATE_REDIRECT;TEXT_CHANGE,DC009_WYMER_REASONABLE_JUROR.png,DC009_WYMER_REASONABLE_JUROR.png,SOURCE_NATIVE_EDITORIAL,T03,document,NOT A FINAL FINDING,Surviving civil claim / jury question is not final liability.,,"Narration, final-frame content, source binding and route re-aligned in R4."
B077,S09,669.000,674.260,"And Wenig, Wymer and Wendy Jones were not criminally charged over the campaign.",CIVIL_RESPONSIBILITY,NOT CRIMINALLY CHARGED,REDIRECT,SOURCE_CHANGE;TEXT_CHANGE,LIVE_DEVIN_WENIG_COMMONS.jpg,LIVE_DEVIN_WENIG_COMMONS.jpg,SOURCE_NATIVE_EDITORIAL,T02,dossier,NOT CRIMINALLY CHARGED,Surviving civil claim / jury question is not final liability. Wenig/Wymer/Jones were not criminally charged over the campaign; preserve attributed positions.,,"Narration, final-frame content, source binding and route re-aligned in R4."
B078,S09,675.700,691.400,"eBay's internal-investigation position also cut the other way: according to reporting on a company presentation, its lawyers said they had found no evidence that Wenig or Wymer directed the criminal acts or knew those acts would follow.",CIVIL_RESPONSIBILITY,EBAY INTERNAL-INVESTIGATION POSITION,REDIRECT,SOURCE_CHANGE;TEXT_CHANGE,S021_EBAY_2020_INTERNAL_INVESTIGATION_STATEMENT_REFERENCE.html,S021_EBAY_2020_INTERNAL_INVESTIGATION_STATEMENT_REFERENCE.html,SOURCE_NATIVE_EDITORIAL,T02,dossier,EBAY INTERNAL-INVESTIGATION POSITION,Surviving civil claim / jury question is not final liability. Wenig/Wymer/Jones were not criminally charged over the campaign; preserve attributed positions.,,"Narration, final-frame content, source binding and route re-aligned in R4."
B079,S09,692.440,702.280,"So by late twenty twenty-five, the unresolved question was how far responsibility extended above the people who had carried out the security operation.",CIVIL_RESPONSIBILITY,RESPONSIBILITY ABOVE THE OPERATION,REDIRECT,SOURCE_CHANGE;ROUTE_CHANGE;TEMPLATE_REDIRECT;TEXT_CHANGE,DC018_CIVIL_COMPLAINT_COVER.png,LIVE_MOAKLEY_COURTHOUSE_CC0.jpg,HYBRID_SOURCE_EDITORIAL,T01,evidence,RESPONSIBILITY ABOVE THE OPERATION,Surviving civil claim / jury question is not final liability.,,"Narration, final-frame content, source binding and route re-aligned in R4."
B080,S09,703.640,709.000,A jury was getting close to answering that. Then the case appeared to end.,CIVIL_RESPONSIBILITY,A JURY WAS GETTING CLOSE,REDIRECT,SOURCE_CHANGE;ROUTE_CHANGE,DC018_CIVIL_COMPLAINT_COVER.png,LIVE_MOAKLEY_COURTHOUSE_CC0.jpg,HYBRID_SOURCE_EDITORIAL,T03,document,A JURY WAS GETTING CLOSE,Surviving civil claim / jury question is not final liability.,,"Narration, final-frame content, source binding and route re-aligned in R4."
B081,S10,710.380,718.560,"On February twenty-fifth, twenty twenty-six, just before trial, the parties reported a settlement in principle. The terms were not disclosed.",SETTLEMENT_TIMELINE,"FEB. 25, 2026 — SETTLEMENT IN PRINCIPLE",REDIRECT,SOURCE_CHANGE;TEMPLATE_REDIRECT;TEXT_CHANGE,S020_D986_STIPULATION_DISMISSAL.pdf,LIVE_MOAKLEY_COURTHOUSE_CC0.jpg,SOURCE_NATIVE_EDITORIAL,T03,document,"FEB. 25, 2026 — SETTLEMENT IN PRINCIPLE",February 2026 settlement in principle failed; do not depict it as final settlement.,,"Narration, final-frame content, source binding and route re-aligned in R4."
B082,S10,718.560,723.480,The case was conditionally dismissed while they worked to finalize the agreement.,SETTLEMENT_TIMELINE,CONDITIONAL DISMISSAL,REDIRECT,SOURCE_CHANGE;TEMPLATE_REDIRECT,S020_D986_STIPULATION_DISMISSAL.pdf,LIVE_MOAKLEY_COURTHOUSE_CC0.jpg,SOURCE_NATIVE_EDITORIAL,T03,document,CONDITIONAL DISMISSAL,February 2026 settlement in principle failed; do not depict it as final settlement.,,"Narration, final-frame content, source binding and route re-aligned in R4."
B083,S10,724.220,733.820,"After years of criminal cases, a corporate D-P-A, civil discovery and pretrial rulings, it looked like the final chapter. Then the deal failed.",SETTLEMENT_TIMELINE,THE DEAL FAILED,REDIRECT,SOURCE_CHANGE;TEXT_CHANGE,S020_D986_STIPULATION_DISMISSAL.pdf,LIVE_MOAKLEY_COURTHOUSE_CC0.jpg,SOURCE_NATIVE_EDITORIAL,T06,timeline,THE DEAL FAILED,DPA is not a conviction. February 2026 settlement in principle failed; do not depict it as final settlement.,,"Narration, final-frame content, source binding and route re-aligned in R4."
B084,S10,734.860,743.180,"By June, the settlement had not been finalized. The civil case was reopened. A new trial date was set for January twenty twenty-seven.",SETTLEMENT_TIMELINE,CASE REOPENED • JAN. 2027 TRIAL SET,REDIRECT,SOURCE_CHANGE;TEXT_CHANGE,S020_D986_STIPULATION_DISMISSAL.pdf,LIVE_MOAKLEY_COURTHOUSE_CC0.jpg,SOURCE_NATIVE_EDITORIAL,T06,timeline,CASE REOPENED • JAN. 2027 TRIAL SET,February 2026 settlement in principle failed; do not depict it as final settlement.,,"Narration, final-frame content, source binding and route re-aligned in R4."
B085,S10,743.960,752.340,"That put the unresolved civil-responsibility question back on the table. But before a jury could hear the case, the parties reached another deal.",SETTLEMENT_TIMELINE,ANOTHER DEAL,REDIRECT,SOURCE_CHANGE;TEMPLATE_REDIRECT;TEXT_CHANGE,S020_D986_STIPULATION_DISMISSAL.pdf,LIVE_MOAKLEY_COURTHOUSE_CC0.jpg,SOURCE_NATIVE_EDITORIAL,T03,document,ANOTHER DEAL,February 2026 settlement in principle failed; do not depict it as final settlement.,,"Narration, final-frame content, source binding and route re-aligned in R4."
B086,S10,752.940,757.000,"This one became the final settlement. And this time, the numbers were public.",SETTLEMENT_TIMELINE,FINAL SETTLEMENT • NUMBERS PUBLIC,REDIRECT,SOURCE_CHANGE;TEMPLATE_REDIRECT;TEXT_CHANGE,S020_D986_STIPULATION_DISMISSAL.pdf,S020_D986_STIPULATION_DISMISSAL.pdf,SOURCE_NATIVE_EDITORIAL,T01,evidence,FINAL SETTLEMENT • NUMBERS PUBLIC,,,"Narration, final-frame content, source binding and route re-aligned in R4."
B087,S11,757.980,761.360,The final agreement was announced in late July twenty twenty-six.,SETTLEMENT_TIMELINE,LATE JULY 2026,REDIRECT,SOURCE_CHANGE;TEXT_CHANGE,S020_D986_STIPULATION_DISMISSAL.pdf,S020_D986_STIPULATION_DISMISSAL.pdf,SOURCE_NATIVE_EDITORIAL,T06,timeline,LATE JULY 2026,,,"Narration, final-frame content, source binding and route re-aligned in R4."
B088,S11,762.080,766.940,The total announced settlement package was fifty-five-point-seven million dollars.,MONEY_BREAKDOWN,$55.7 MILLION,REDIRECT,SOURCE_CHANGE,S020_D986_STIPULATION_DISMISSAL.pdf,S020_D986_STIPULATION_DISMISSAL.pdf,EDITOR_GFX_SOURCE_BACKED,T04,money,$55.7 MILLION,"$55.7M is the announced civil settlement package, not a judgment or eBay-only payment.",,"Narration, final-frame content, source binding and route re-aligned in R4."
B089,S11,766.940,772.520,But that number has to be broken apart. It was not a fifty-five-point-seven-million-dollar judgment.,MONEY_BREAKDOWN,NOT A $55.7M JUDGMENT,REDIRECT,SOURCE_CHANGE,S020_D986_STIPULATION_DISMISSAL.pdf,S020_D986_STIPULATION_DISMISSAL.pdf,EDITOR_GFX_SOURCE_BACKED,T04,money,NOT A $55.7M JUDGMENT,"$55.7M is the announced civil settlement package, not a judgment or eBay-only payment.",,"Narration, final-frame content, source binding and route re-aligned in R4."
B090,S11,773.220,777.680,And it was not a fifty-five-point-seven-million-dollar payment made only by eBay.,MONEY_BREAKDOWN,NOT AN EBAY-ONLY PAYMENT,REDIRECT,SOURCE_CHANGE,S020_D986_STIPULATION_DISMISSAL.pdf,S020_D986_STIPULATION_DISMISSAL.pdf,EDITOR_GFX_SOURCE_BACKED,T04,money,NOT AN EBAY-ONLY PAYMENT,"$55.7M is the announced civil settlement package, not a judgment or eBay-only payment.",,"Narration, final-frame content, source binding and route re-aligned in R4."
B091,S11,778.640,784.000,"According to the announced terms, forty-eight-point-seven million dollars was compensation to the Steiners.",MONEY_BREAKDOWN,$48.7M COMPENSATION,REDIRECT,SOURCE_CHANGE,S020_D986_STIPULATION_DISMISSAL.pdf,S020_D986_STIPULATION_DISMISSAL.pdf,EDITOR_GFX_SOURCE_BACKED,T04,money,$48.7M COMPENSATION,"$55.7M is the announced civil settlement package, not a judgment or eBay-only payment.",,"Narration, final-frame content, source binding and route re-aligned in R4."
B092,S11,784.680,787.640,Another seven million dollars consisted of charitable commitments.,MONEY_BREAKDOWN,$7M CHARITABLE COMMITMENTS,REDIRECT,SOURCE_CHANGE,S020_D986_STIPULATION_DISMISSAL.pdf,S020_D986_STIPULATION_DISMISSAL.pdf,EDITOR_GFX_SOURCE_BACKED,T04,money,$7M CHARITABLE COMMITMENTS,"$55.7M is the announced civil settlement package, not a judgment or eBay-only payment.",,"Narration, final-frame content, source binding and route re-aligned in R4."
B093,S11,788.540,794.660,"Of the direct compensation, eBay's announced share was forty-six-point-one-five million dollars.",MONEY_BREAKDOWN,EBAY — $46.15M,REDIRECT,SOURCE_CHANGE,S020_D986_STIPULATION_DISMISSAL.pdf,S020_D986_STIPULATION_DISMISSAL.pdf,EDITOR_GFX_SOURCE_BACKED,T04,money,EBAY — $46.15M,"$55.7M is the announced civil settlement package, not a judgment or eBay-only payment.",,"Narration, final-frame content, source binding and route re-aligned in R4."
B094,S11,794.660,796.180,Devin Wenig's was two million.,MONEY_BREAKDOWN,DEVIN WENIG — $2M,REDIRECT,SOURCE_CHANGE,S020_D986_STIPULATION_DISMISSAL.pdf,S020_D986_STIPULATION_DISMISSAL.pdf,EDITOR_GFX_SOURCE_BACKED,T04,money,DEVIN WENIG — $2M,"$55.7M is the announced civil settlement package, not a judgment or eBay-only payment.",,"Narration, final-frame content, source binding and route re-aligned in R4."
B095,S11,797.040,801.260,Wendy Jones's was five hundred thousand. Steve Wymer's was fifty thousand.,MONEY_BREAKDOWN,WENDY JONES — $500K • STEVE WYMER — $50K,REDIRECT,SOURCE_CHANGE,S020_D986_STIPULATION_DISMISSAL.pdf,S020_D986_STIPULATION_DISMISSAL.pdf,EDITOR_GFX_SOURCE_BACKED,T04,money,WENDY JONES — $500K • STEVE WYMER — $50K,"$55.7M is the announced civil settlement package, not a judgment or eBay-only payment.",,"Narration, final-frame content, source binding and route re-aligned in R4."
B096,S11,801.740,812.020,"Separately, eBay committed six million dollars to nonprofit organizations, and Wenig committed one million dollars to a First Amendment-focused charity in Ina Steiner's name.",MONEY_BREAKDOWN,EBAY — $6M • WENIG — $1M,REDIRECT,SOURCE_CHANGE,S020_D986_STIPULATION_DISMISSAL.pdf,S020_D986_STIPULATION_DISMISSAL.pdf,EDITOR_GFX_SOURCE_BACKED,T04,money,EBAY — $6M • WENIG — $1M,"$55.7M is the announced civil settlement package, not a judgment or eBay-only payment.",,"Narration, final-frame content, source binding and route re-aligned in R4."
B097,S11,812.780,815.940,That is how the total reached fifty-five-point-seven million.,MONEY_BREAKDOWN,$48.7M + $7M = $55.7M,REDIRECT,SOURCE_CHANGE,S020_D986_STIPULATION_DISMISSAL.pdf,S020_D986_STIPULATION_DISMISSAL.pdf,EDITOR_GFX_SOURCE_BACKED,T04,money,$48.7M + $7M = $55.7M,"$55.7M is the announced civil settlement package, not a judgment or eBay-only payment.",,"Narration, final-frame content, source binding and route re-aligned in R4."
B098,S11,816.540,825.700,And that number should not be combined with eBay's separate three-million-dollar criminal penalty and presented as a fifty-eight-point-seven-million-dollar award.,MONEY_BREAKDOWN,$3M CRIMINAL PENALTY — SEPARATE,REDIRECT,SOURCE_CHANGE,S020_D986_STIPULATION_DISMISSAL.pdf,S020_D986_STIPULATION_DISMISSAL.pdf,EDITOR_GFX_SOURCE_BACKED,T04,money,$3M CRIMINAL PENALTY — SEPARATE,"$55.7M is the announced civil settlement package, not a judgment or eBay-only payment. $3M criminal DPA penalty is separate from the $55.7M civil settlement package.",,"Narration, final-frame content, source binding and route re-aligned in R4."
B099,S11,826.300,827.520,There was no such award.,MONEY_BREAKDOWN,NO $58.7M AWARD,REDIRECT,SOURCE_CHANGE,S020_D986_STIPULATION_DISMISSAL.pdf,S020_D986_STIPULATION_DISMISSAL.pdf,EDITOR_GFX_SOURCE_BACKED,T04,money,NO $58.7M AWARD,"$55.7M is the announced civil settlement package, not a judgment or eBay-only payment.",,"Narration, final-frame content, source binding and route re-aligned in R4."
B100,S11,828.320,838.040,These were separate legal resolutions with different purposes. One was a federal criminal resolution involving the company. The other was the final civil settlement package.,MONEY_BREAKDOWN,TWO SEPARATE LEGAL TRACKS,REDIRECT,SOURCE_CHANGE,S020_D986_STIPULATION_DISMISSAL.pdf,S020_D986_STIPULATION_DISMISSAL.pdf,EDITOR_GFX_SOURCE_BACKED,T04,money,TWO SEPARATE LEGAL TRACKS,"$55.7M is the announced civil settlement package, not a judgment or eBay-only payment.",,"Narration, final-frame content, source binding and route re-aligned in R4."
B101,S11,838.820,843.700,The cost did not arrive in one courtroom on one day. It accumulated over years.,MONEY_BREAKDOWN,COST ACCUMULATED OVER YEARS,REDIRECT,SOURCE_CHANGE;TEMPLATE_REDIRECT;TEXT_CHANGE,S020_D986_STIPULATION_DISMISSAL.pdf,S020_D986_STIPULATION_DISMISSAL.pdf,EDITOR_GFX_SOURCE_BACKED,T04,money,COST ACCUMULATED OVER YEARS,"$55.7M is the announced civil settlement package, not a judgment or eBay-only payment.",,"Narration, final-frame content, source binding and route re-aligned in R4."
B102,S12,844.600,854.500,"In its July twenty twenty-six statement, eBay apologized to Ina and David Steiner. The company called the conduct of the former employees wrong and reprehensible.",SYNTHESIS_AND_PAYOFF,EBAY APOLOGIZED,REDIRECT,SOURCE_CHANGE;TEMPLATE_REDIRECT,S013_EBAY_2026_SETTLEMENT_STATEMENT_REFERENCE.html,S013_EBAY_2026_SETTLEMENT_STATEMENT_REFERENCE.html,SOURCE_STYLED_GENERATION,T06,timeline,EBAY APOLOGIZED,,,"Narration, final-frame content, source binding and route re-aligned in R4."
B103,S12,855.180,861.280,"It also acknowledged what it described as unprofessional communications involving Wenig, Wymer and Jones.",SYNTHESIS_AND_PAYOFF,UNPROFESSIONAL COMMUNICATIONS,REDIRECT,SOURCE_CHANGE;TEXT_CHANGE,S013_EBAY_2026_SETTLEMENT_STATEMENT_REFERENCE.html,S013_EBAY_2026_SETTLEMENT_STATEMENT_REFERENCE.html,SOURCE_STYLED_GENERATION,T02,dossier,UNPROFESSIONAL COMMUNICATIONS,,,"Narration, final-frame content, source binding and route re-aligned in R4."
B104,S12,862.240,869.060,But the settlement meant there would be no jury verdict deciding the surviving civil-liability questions against those former executives.,SYNTHESIS_AND_PAYOFF,NO JURY VERDICT ON SURVIVING CLAIMS,REDIRECT,SOURCE_CHANGE;ROUTE_CHANGE;TEXT_CHANGE,S009_D711_SUMMARY_JUDGMENT_ORDER.pdf,DC010_SUMMARY_JUDGMENT_ORDER.png,HYBRID_SOURCE_EDITORIAL,T03,document,NO JURY VERDICT ON SURVIVING CLAIMS,,,"Narration, final-frame content, source binding and route re-aligned in R4."
B105,S12,870.120,880.540,So the ending is not that a court answered every question. It did not. What the public record does show is enough. A small publication criticized a global marketplace.,SYNTHESIS_AND_PAYOFF,PUBLIC RECORD ≠ EVERY QUESTION ANSWERED,REDIRECT,SOURCE_CHANGE;TEMPLATE_REDIRECT;TEXT_CHANGE,S009_D711_SUMMARY_JUDGMENT_ORDER.pdf,NATICK_CENTER_2020_CC_BY_SA.jpg,SOURCE_STYLED_GENERATION,T01,evidence,PUBLIC RECORD ≠ EVERY QUESTION ANSWERED,,,"Narration, final-frame content, source binding and route re-aligned in R4."
B106,S12,881.420,888.700,"Inside eBay, that criticism generated escalating internal hostility. The issue moved into corporate security.",SYNTHESIS_AND_PAYOFF,CRITICISM → CORPORATE SECURITY,REDIRECT,SOURCE_CHANGE;TEMPLATE_REDIRECT;TEXT_CHANGE,EBAY_HQ_2018_CC_BY_SA.jpg,DC001_CRUSH_THIS_LADY.png,SOURCE_STYLED_GENERATION,T01,evidence,CRITICISM → CORPORATE SECURITY,,,"Narration, final-frame content, source binding and route re-aligned in R4."
B107,S12,889.200,897.020,"Security personnel planned and carried out harassment and surveillance. When police began investigating, the problem expanded into obstruction.",SYNTHESIS_AND_PAYOFF,HARASSMENT • SURVEILLANCE • OBSTRUCTION,REDIRECT,SOURCE_CHANGE;TEXT_CHANGE,S009_D711_SUMMARY_JUDGMENT_ORDER.pdf,DOJ_FBI_PIG_MASK_AND_BOOK.jpg,SOURCE_STYLED_GENERATION,T06,timeline,HARASSMENT • SURVEILLANCE • OBSTRUCTION,,,"Narration, final-frame content, source binding and route re-aligned in R4."
B108,S12,897.900,900.400,Seven prosecuted participants pleaded guilty.,SYNTHESIS_AND_PAYOFF,SEVEN GUILTY PLEAS,REDIRECT,SOURCE_CHANGE;ROUTE_CHANGE,S009_D711_SUMMARY_JUDGMENT_ORDER.pdf,DC011_SEVEN_GUILTY_DOJ.png,HYBRID_SOURCE_EDITORIAL,T07,accountability,SEVEN GUILTY PLEAS,,,"Narration, final-frame content, source binding and route re-aligned in R4."
B109,S12,901.260,911.140,"eBay itself later entered a federal deferred prosecution agreement, admitted detailed facts, paid a three-million-dollar criminal penalty, and accepted an independent monitor.",SYNTHESIS_AND_PAYOFF,$3M PENALTY • INDEPENDENT MONITOR,REDIRECT,SOURCE_CHANGE;ROUTE_CHANGE;TEMPLATE_REDIRECT;TEXT_CHANGE,S009_D711_SUMMARY_JUDGMENT_ORDER.pdf,DC015_DPA_CRIMINAL_PENALTY.png,HYBRID_SOURCE_EDITORIAL,T04,money,$3M PENALTY • INDEPENDENT MONITOR,DPA is not a conviction. $3M criminal DPA penalty is separate from the $55.7M civil settlement package.,,"Narration, final-frame content, source binding and route re-aligned in R4."
B110,S12,911.840,921.080,Years of civil litigation then pushed unresolved questions about responsibility higher into the organization. The first twenty twenty-six settlement failed.,SYNTHESIS_AND_PAYOFF,FIRST SETTLEMENT FAILED,REDIRECT,SOURCE_CHANGE;ROUTE_CHANGE;TEXT_CHANGE,S009_D711_SUMMARY_JUDGMENT_ORDER.pdf,LIVE_MOAKLEY_COURTHOUSE_CC0.jpg,HYBRID_SOURCE_EDITORIAL,T06,timeline,FIRST SETTLEMENT FAILED,,,"Narration, final-frame content, source binding and route re-aligned in R4."
B111,S12,921.900,926.520,The second ended the case with a fifty-five-point-seven-million-dollar settlement package.,SYNTHESIS_AND_PAYOFF,$55.7M SETTLEMENT PACKAGE,REDIRECT,SOURCE_CHANGE;ROUTE_CHANGE,S009_D711_SUMMARY_JUDGMENT_ORDER.pdf,S020_D986_STIPULATION_DISMISSAL.pdf,HYBRID_SOURCE_EDITORIAL,T04,money,$55.7M SETTLEMENT PACKAGE,"$55.7M is the announced civil settlement package, not a judgment or eBay-only payment.",,"Narration, final-frame content, source binding and route re-aligned in R4."
B112,S12,927.320,937.400,"There were personal costs: guilty pleas and prison sentences. There were corporate legal costs: federal charges, a D-P-A, a penalty, and monitoring.",SYNTHESIS_AND_PAYOFF,PERSONAL + CORPORATE LEGAL COSTS,REDIRECT,SOURCE_CHANGE;ROUTE_CHANGE;TEMPLATE_REDIRECT,S009_D711_SUMMARY_JUDGMENT_ORDER.pdf,DC011_SEVEN_GUILTY_DOJ.png,HYBRID_SOURCE_EDITORIAL,T04,money,PERSONAL + CORPORATE LEGAL COSTS,DPA is not a conviction.,,"Narration, final-frame content, source binding and route re-aligned in R4."
B113,S12,938.280,942.180,And there were civil financial costs measured i n tens of millions of dollars.,SYNTHESIS_AND_PAYOFF,CIVIL COSTS — TENS OF MILLIONS,REDIRECT,SOURCE_CHANGE;ROUTE_CHANGE;TEXT_CHANGE,S009_D711_SUMMARY_JUDGMENT_ORDER.pdf,S020_D986_STIPULATION_DISMISSAL.pdf,HYBRID_SOURCE_EDITORIAL,T04,money,CIVIL COSTS — TENS OF MILLIONS,"$55.7M is the announced civil settlement package, not a judgment or eBay-only payment.",,"Narration, final-frame content, source binding and route re-aligned in R4."
B114,S12,942.720,951.340,All of that grew out of a problem every major company eventually faces: criticism. The expensive decision was not that the criticism existed.,SYNTHESIS_AND_PAYOFF,CRITICISM WASN’T THE EXPENSIVE PART,REDIRECT,SOURCE_CHANGE;ROUTE_CHANGE;TEMPLATE_REDIRECT;TEXT_CHANGE,S009_D711_SUMMARY_JUDGMENT_ORDER.pdf,EBAY_HQ_2018_CC_BY_SA.jpg,HYBRID_SOURCE_EDITORIAL,T01,evidence,CRITICISM WASN’T THE EXPENSIVE PART,,,"Narration, final-frame content, source binding and route re-aligned in R4."
B115,S12,952.080,956.920,It was what people inside the company decided to do about it. And that is what it cost.,SYNTHESIS_AND_PAYOFF,AND THAT IS WHAT IT COST.,REDIRECT,SOURCE_CHANGE;ROUTE_CHANGE;TEMPLATE_REDIRECT,S009_D711_SUMMARY_JUDGMENT_ORDER.pdf,EBAY_HQ_2018_CC_BY_SA.jpg,HYBRID_SOURCE_EDITORIAL,T04,money,AND THAT IS WHAT IT COST.,,,"Narration, final-frame content, source binding and route re-aligned in R4."
