generation_slot,beat_id,frame_family,style_lock,layout_lock,text_lock,subtitle_safe,legal_lock,source_fidelity,person_lock,rights_gate,raw_document_gate,non_monotony,no_21b,spend_gate,overall
G001,B002,T03,PASS,PASS,PASS,PASS,PASS,PASS,PASS,PASS,PASS,PASS,PASS,BLOCKED_NO_APPROVAL,PASS
G002,B003,T01,PASS,PASS,PASS,PASS,PASS,PASS,PASS,PASS,PASS,PASS,PASS,BLOCKED_NO_APPROVAL,PASS
G003,B004,T06,PASS,PASS,PASS,PASS,PASS,PASS,PASS,PASS,PASS,PASS,PASS,BLOCKED_NO_APPROVAL,PASS
G004,B005,T02,PASS,PASS,PASS,PASS,PASS,PASS,PASS,PASS,PASS,PASS,PASS,BLOCKED_NO_APPROVAL,PASS
G005,B006,T04,PASS,PASS,PASS,PASS,PASS,PASS,PASS,PASS,PASS,PASS,PASS,BLOCKED_NO_APPROVAL,PASS
G006,B011,T02,PASS,PASS,PASS,PASS,PASS,PASS,PASS,PASS,PASS,PASS,PASS,BLOCKED_NO_APPROVAL,PASS
G007,B013,T04,PASS,PASS,PASS,PASS,PASS,PASS,PASS,PASS,PASS,PASS,PASS,BLOCKED_NO_APPROVAL,PASS
G008,B014,T06,PASS,PASS,PASS,PASS,PASS,PASS,PASS,PASS,PASS,PASS,PASS,BLOCKED_NO_APPROVAL,PASS
G009,B015,T03,PASS,PASS,PASS,PASS,PASS,PASS,PASS,PASS,PASS,PASS,PASS,BLOCKED_NO_APPROVAL,PASS
G010,B017,T01,PASS,PASS,PASS,PASS,PASS,PASS,PASS,PASS,PASS,PASS,PASS,BLOCKED_NO_APPROVAL,PASS
G011,B018,T06,PASS,PASS,PASS,PASS,PASS,PASS,PASS,PASS,PASS,PASS,PASS,BLOCKED_NO_APPROVAL,PASS
G012,B019,T04,PASS,PASS,PASS,PASS,PASS,PASS,PASS,PASS,PASS,PASS,PASS,BLOCKED_NO_APPROVAL,PASS
G013,B021,T02,PASS,PASS,PASS,PASS,PASS,PASS,PASS,PASS,PASS,PASS,PASS,BLOCKED_NO_APPROVAL,PASS
G014,B024,T01,PASS,PASS,PASS,PASS,PASS,PASS,PASS,PASS,PASS,PASS,PASS,BLOCKED_NO_APPROVAL,PASS
G015,B026,T07,PASS,PASS,PASS,PASS,PASS,PASS,PASS,PASS,PASS,PASS,PASS,BLOCKED_NO_APPROVAL,PASS
G016,B027,T03,PASS,PASS,PASS,PASS,PASS,PASS,PASS,PASS,PASS,PASS,PASS,BLOCKED_NO_APPROVAL,PASS
G017,B028,T02,PASS,PASS,PASS,PASS,PASS,PASS,PASS,PASS,PASS,PASS,PASS,BLOCKED_NO_APPROVAL,PASS
G018,B029,T06,PASS,PASS,PASS,PASS,PASS,PASS,PASS,PASS,PASS,PASS,PASS,BLOCKED_NO_APPROVAL,PASS
G019,B031,T03,PASS,PASS,PASS,PASS,PASS,PASS,PASS,PASS,PASS,PASS,PASS,BLOCKED_NO_APPROVAL,PASS
G020,B032,T04,PASS,PASS,PASS,PASS,PASS,PASS,PASS,PASS,PASS,PASS,PASS,BLOCKED_NO_APPROVAL,PASS
G021,B033,T07,PASS,PASS,PASS,PASS,PASS,PASS,PASS,PASS,PASS,PASS,PASS,BLOCKED_NO_APPROVAL,PASS
G022,B035,T06,PASS,PASS,PASS,PASS,PASS,PASS,PASS,PASS,PASS,PASS,PASS,BLOCKED_NO_APPROVAL,PASS
G023,B036,T01,PASS,PASS,PASS,PASS,PASS,PASS,PASS,PASS,PASS,PASS,PASS,BLOCKED_NO_APPROVAL,PASS
G024,B037,T01,PASS,PASS,PASS,PASS,PASS,PASS,PASS,PASS,PASS,PASS,PASS,BLOCKED_NO_APPROVAL,PASS
G025,B038,T02,PASS,PASS,PASS,PASS,PASS,PASS,PASS,PASS,PASS,PASS,PASS,BLOCKED_NO_APPROVAL,PASS
G026,B039,T03,PASS,PASS,PASS,PASS,PASS,PASS,PASS,PASS,PASS,PASS,PASS,BLOCKED_NO_APPROVAL,PASS
G027,B040,T02,PASS,PASS,PASS,PASS,PASS,PASS,PASS,PASS,PASS,PASS,PASS,BLOCKED_NO_APPROVAL,PASS
G028,B041,T06,PASS,PASS,PASS,PASS,PASS,PASS,PASS,PASS,PASS,PASS,PASS,BLOCKED_NO_APPROVAL,PASS
G029,B042,T07,PASS,PASS,PASS,PASS,PASS,PASS,PASS,PASS,PASS,PASS,PASS,BLOCKED_NO_APPROVAL,PASS
G030,B043,T06,PASS,PASS,PASS,PASS,PASS,PASS,PASS,PASS,PASS,PASS,PASS,BLOCKED_NO_APPROVAL,PASS
G031,B044,T01,PASS,PASS,PASS,PASS,PASS,PASS,PASS,PASS,PASS,PASS,PASS,BLOCKED_NO_APPROVAL,PASS
G032,B046,T02,PASS,PASS,PASS,PASS,PASS,PASS,PASS,PASS,PASS,PASS,PASS,BLOCKED_NO_APPROVAL,PASS
G033,B047,T07,PASS,PASS,PASS,PASS,PASS,PASS,PASS,PASS,PASS,PASS,PASS,BLOCKED_NO_APPROVAL,PASS
G034,B048,T02,PASS,PASS,PASS,PASS,PASS,PASS,PASS,PASS,PASS,PASS,PASS,BLOCKED_NO_APPROVAL,PASS
G035,B049,T03,PASS,PASS,PASS,PASS,PASS,PASS,PASS,PASS,PASS,PASS,PASS,BLOCKED_NO_APPROVAL,PASS
G036,B050,T06,PASS,PASS,PASS,PASS,PASS,PASS,PASS,PASS,PASS,PASS,PASS,BLOCKED_NO_APPROVAL,PASS
G037,B051,T01,PASS,PASS,PASS,PASS,PASS,PASS,PASS,PASS,PASS,PASS,PASS,BLOCKED_NO_APPROVAL,PASS
G038,B056,T02,PASS,PASS,PASS,PASS,PASS,PASS,PASS,PASS,PASS,PASS,PASS,BLOCKED_NO_APPROVAL,PASS
G039,B057,T01,PASS,PASS,PASS,PASS,PASS,PASS,PASS,PASS,PASS,PASS,PASS,BLOCKED_NO_APPROVAL,PASS
G040,B058,T07,PASS,PASS,PASS,PASS,PASS,PASS,PASS,PASS,PASS,PASS,PASS,BLOCKED_NO_APPROVAL,PASS
G041,B060,T01,PASS,PASS,PASS,PASS,PASS,PASS,PASS,PASS,PASS,PASS,PASS,BLOCKED_NO_APPROVAL,PASS
G042,B062,T07,PASS,PASS,PASS,PASS,PASS,PASS,PASS,PASS,PASS,PASS,PASS,BLOCKED_NO_APPROVAL,PASS
G043,B063,T02,PASS,PASS,PASS,PASS,PASS,PASS,PASS,PASS,PASS,PASS,PASS,BLOCKED_NO_APPROVAL,PASS
G044,B064,T06,PASS,PASS,PASS,PASS,PASS,PASS,PASS,PASS,PASS,PASS,PASS,BLOCKED_NO_APPROVAL,PASS
G045,B066,T01,PASS,PASS,PASS,PASS,PASS,PASS,PASS,PASS,PASS,PASS,PASS,BLOCKED_NO_APPROVAL,PASS
G046,B067,T07,PASS,PASS,PASS,PASS,PASS,PASS,PASS,PASS,PASS,PASS,PASS,BLOCKED_NO_APPROVAL,PASS
G047,B068,T06,PASS,PASS,PASS,PASS,PASS,PASS,PASS,PASS,PASS,PASS,PASS,BLOCKED_NO_APPROVAL,PASS
G048,B070,T03,PASS,PASS,PASS,PASS,PASS,PASS,PASS,PASS,PASS,PASS,PASS,BLOCKED_NO_APPROVAL,PASS
G049,B071,T07,PASS,PASS,PASS,PASS,PASS,PASS,PASS,PASS,PASS,PASS,PASS,BLOCKED_NO_APPROVAL,PASS
G050,B072,T02,PASS,PASS,PASS,PASS,PASS,PASS,PASS,PASS,PASS,PASS,PASS,BLOCKED_NO_APPROVAL,PASS
G051,B073,T06,PASS,PASS,PASS,PASS,PASS,PASS,PASS,PASS,PASS,PASS,PASS,BLOCKED_NO_APPROVAL,PASS
G052,B074,T03,PASS,PASS,PASS,PASS,PASS,PASS,PASS,PASS,PASS,PASS,PASS,BLOCKED_NO_APPROVAL,PASS
G053,B075,T07,PASS,PASS,PASS,PASS,PASS,PASS,PASS,PASS,PASS,PASS,PASS,BLOCKED_NO_APPROVAL,PASS
G054,B076,T01,PASS,PASS,PASS,PASS,PASS,PASS,PASS,PASS,PASS,PASS,PASS,BLOCKED_NO_APPROVAL,PASS
G055,B077,T03,PASS,PASS,PASS,PASS,PASS,PASS,PASS,PASS,PASS,PASS,PASS,BLOCKED_NO_APPROVAL,PASS
G056,B078,T06,PASS,PASS,PASS,PASS,PASS,PASS,PASS,PASS,PASS,PASS,PASS,BLOCKED_NO_APPROVAL,PASS
G057,B079,T04,PASS,PASS,PASS,PASS,PASS,PASS,PASS,PASS,PASS,PASS,PASS,BLOCKED_NO_APPROVAL,PASS
G058,B080,T06,PASS,PASS,PASS,PASS,PASS,PASS,PASS,PASS,PASS,PASS,PASS,BLOCKED_NO_APPROVAL,PASS
G059,B081,T02,PASS,PASS,PASS,PASS,PASS,PASS,PASS,PASS,PASS,PASS,PASS,BLOCKED_NO_APPROVAL,PASS
G060,B082,T04,PASS,PASS,PASS,PASS,PASS,PASS,PASS,PASS,PASS,PASS,PASS,BLOCKED_NO_APPROVAL,PASS
G061,B084,T02,PASS,PASS,PASS,PASS,PASS,PASS,PASS,PASS,PASS,PASS,PASS,BLOCKED_NO_APPROVAL,PASS
G062,B085,T03,PASS,PASS,PASS,PASS,PASS,PASS,PASS,PASS,PASS,PASS,PASS,BLOCKED_NO_APPROVAL,PASS
G063,B087,T01,PASS,PASS,PASS,PASS,PASS,PASS,PASS,PASS,PASS,PASS,PASS,BLOCKED_NO_APPROVAL,PASS
G064,B088,T04,PASS,PASS,PASS,PASS,PASS,PASS,PASS,PASS,PASS,PASS,PASS,BLOCKED_NO_APPROVAL,PASS
G065,B089,T02,PASS,PASS,PASS,PASS,PASS,PASS,PASS,PASS,PASS,PASS,PASS,BLOCKED_NO_APPROVAL,PASS
G066,B090,T04,PASS,PASS,PASS,PASS,PASS,PASS,PASS,PASS,PASS,PASS,PASS,BLOCKED_NO_APPROVAL,PASS
G067,B092,T03,PASS,PASS,PASS,PASS,PASS,PASS,PASS,PASS,PASS,PASS,PASS,BLOCKED_NO_APPROVAL,PASS
G068,B093,T01,PASS,PASS,PASS,PASS,PASS,PASS,PASS,PASS,PASS,PASS,PASS,BLOCKED_NO_APPROVAL,PASS
G069,B094,T03,PASS,PASS,PASS,PASS,PASS,PASS,PASS,PASS,PASS,PASS,PASS,BLOCKED_NO_APPROVAL,PASS
G070,B095,T01,PASS,PASS,PASS,PASS,PASS,PASS,PASS,PASS,PASS,PASS,PASS,BLOCKED_NO_APPROVAL,PASS
G071,B096,T04,PASS,PASS,PASS,PASS,PASS,PASS,PASS,PASS,PASS,PASS,PASS,BLOCKED_NO_APPROVAL,PASS
G072,B097,T01,PASS,PASS,PASS,PASS,PASS,PASS,PASS,PASS,PASS,PASS,PASS,BLOCKED_NO_APPROVAL,PASS
G073,B098,T02,PASS,PASS,PASS,PASS,PASS,PASS,PASS,PASS,PASS,PASS,PASS,BLOCKED_NO_APPROVAL,PASS
G074,B099,T07,PASS,PASS,PASS,PASS,PASS,PASS,PASS,PASS,PASS,PASS,PASS,BLOCKED_NO_APPROVAL,PASS
G075,B100,T01,PASS,PASS,PASS,PASS,PASS,PASS,PASS,PASS,PASS,PASS,PASS,BLOCKED_NO_APPROVAL,PASS
G076,B101,T06,PASS,PASS,PASS,PASS,PASS,PASS,PASS,PASS,PASS,PASS,PASS,BLOCKED_NO_APPROVAL,PASS
G077,B102,T02,PASS,PASS,PASS,PASS,PASS,PASS,PASS,PASS,PASS,PASS,PASS,BLOCKED_NO_APPROVAL,PASS
G078,B103,T03,PASS,PASS,PASS,PASS,PASS,PASS,PASS,PASS,PASS,PASS,PASS,BLOCKED_NO_APPROVAL,PASS
G079,B104,T07,PASS,PASS,PASS,PASS,PASS,PASS,PASS,PASS,PASS,PASS,PASS,BLOCKED_NO_APPROVAL,PASS
G080,B105,T06,PASS,PASS,PASS,PASS,PASS,PASS,PASS,PASS,PASS,PASS,PASS,BLOCKED_NO_APPROVAL,PASS
G081,B106,T03,PASS,PASS,PASS,PASS,PASS,PASS,PASS,PASS,PASS,PASS,PASS,BLOCKED_NO_APPROVAL,PASS
G082,B107,T06,PASS,PASS,PASS,PASS,PASS,PASS,PASS,PASS,PASS,PASS,PASS,BLOCKED_NO_APPROVAL,PASS
G083,B108,T04,PASS,PASS,PASS,PASS,PASS,PASS,PASS,PASS,PASS,PASS,PASS,BLOCKED_NO_APPROVAL,PASS
G084,B109,T02,PASS,PASS,PASS,PASS,PASS,PASS,PASS,PASS,PASS,PASS,PASS,BLOCKED_NO_APPROVAL,PASS
G085,B110,T01,PASS,PASS,PASS,PASS,PASS,PASS,PASS,PASS,PASS,PASS,PASS,BLOCKED_NO_APPROVAL,PASS
